image_id,group,relative_path,verified_person_count,orientation,brightness_bucket,framing_proxy,width,height,variant,detected_count,scores,boxes,error,outcome
06e6d91815e6654a,no_person,images/no_person/no_person_001_06e6d91815e6654a.jpg,0,landscape,mid,none,1024,520,short_range,0,[],[],,TN
06fa10cbc74024e6,no_person,images/no_person/no_person_002_06fa10cbc74024e6.jpg,0,landscape,mid,none,1024,617,short_range,0,[],[],,TN
072425783afb6eda,no_person,images/no_person/no_person_003_072425783afb6eda.jpg,0,landscape,bright,none,1024,683,short_range,0,[],[],,TN
0b024751069e970c,no_person,images/no_person/no_person_004_0b024751069e970c.jpg,0,portrait,mid,none,680,1024,short_range,0,[],[],,TN
0b06b1b0df30c863,no_person,images/no_person/no_person_005_0b06b1b0df30c863.jpg,0,landscape,dark,none,1024,680,short_range,0,[],[],,TN
0fdce5509f34c374,no_person,images/no_person/no_person_006_0fdce5509f34c374.jpg,0,landscape,mid,none,1024,683,short_range,0,[],[],,TN
10517249ac232c8f,no_person,images/no_person/no_person_007_10517249ac232c8f.jpg,0,landscape,mid,none,1024,768,short_range,0,[],[],,TN
12a4925c0c81976e,no_person,images/no_person/no_person_008_12a4925c0c81976e.jpg,0,landscape,mid,none,1024,687,short_range,0,[],[],,TN
132e2922f8384f1b,no_person,images/no_person/no_person_009_132e2922f8384f1b.jpg,0,landscape,dark,none,1024,536,short_range,0,[],[],,TN
15bd5eb3bcf98dea,no_person,images/no_person/no_person_010_15bd5eb3bcf98dea.jpg,0,portrait,bright,none,780,1024,short_range,0,[],[],,TN
19611dcf54decdef,no_person,images/no_person/no_person_012_19611dcf54decdef.jpg,0,landscape,mid,none,1024,764,short_range,0,[],[],,TN
1a5f90a9bba4bae9,no_person,images/no_person/no_person_013_1a5f90a9bba4bae9.jpg,0,landscape,mid,none,1024,576,short_range,0,[],[],,TN
1aa100b182053061,no_person,images/no_person/no_person_014_1aa100b182053061.jpg,0,landscape,mid,none,1024,768,short_range,0,[],[],,TN
1aea1555553e67b4,no_person,images/no_person/no_person_015_1aea1555553e67b4.jpg,0,landscape,mid,none,1024,768,short_range,0,[],[],,TN
1be56e37d4e207fd,no_person,images/no_person/no_person_016_1be56e37d4e207fd.jpg,0,landscape,mid,none,1024,768,short_range,0,[],[],,TN
1eac057c1ec39218,no_person,images/no_person/no_person_017_1eac057c1ec39218.jpg,0,landscape,mid,none,1024,683,short_range,0,[],[],,TN
1fa8972922aa3134,no_person,images/no_person/no_person_018_1fa8972922aa3134.jpg,0,landscape,mid,none,1024,768,short_range,1,[0.6193],"[[454, 166, 215, 215]]",,TN
22ca97ba59717f46,no_person,images/no_person/no_person_019_22ca97ba59717f46.jpg,0,squareish,dark,none,1024,1024,short_range,0,[],[],,TN
2540d6d0d881c2ba,no_person,images/no_person/no_person_020_2540d6d0d881c2ba.jpg,0,landscape,dark,none,1024,678,short_range,1,[0.565],"[[180, 94, 271, 271]]",,TN
2c2327793745fae4,no_person,images/no_person/no_person_021_2c2327793745fae4.jpg,0,landscape,mid,none,1024,683,short_range,0,[],[],,TN
312da8cac7929eef,no_person,images/no_person/no_person_023_312da8cac7929eef.jpg,0,squareish,bright,none,1022,1024,short_range,0,[],[],,TN
330946f94aa4c95a,no_person,images/no_person/no_person_024_330946f94aa4c95a.jpg,0,landscape,dark,none,1024,768,short_range,0,[],[],,TN
342a0c0f5a284f12,no_person,images/no_person/no_person_025_342a0c0f5a284f12.jpg,0,portrait,mid,none,680,1024,short_range,0,[],[],,TN
3570ec5de3e2305d,no_person,images/no_person/no_person_026_3570ec5de3e2305d.jpg,0,squareish,bright,none,1024,1024,short_range,0,[],[],,TN
359a157112f53889,no_person,images/no_person/no_person_027_359a157112f53889.jpg,0,landscape,mid,none,1024,768,short_range,0,[],[],,TN
3675c866682c18f6,no_person,images/no_person/no_person_028_3675c866682c18f6.jpg,0,landscape,bright,none,1024,768,short_range,0,[],[],,TN
39c350b6714c546c,no_person,images/no_person/no_person_029_39c350b6714c546c.jpg,0,landscape,dark,none,1024,768,short_range,0,[],[],,TN
3ab6a89665690034,no_person,images/no_person/no_person_030_3ab6a89665690034.jpg,0,squareish,mid,none,1024,935,short_range,1,[0.5367],"[[734, 467, 177, 177]]",,TN
3af315d8f6fb676b,no_person,images/no_person/no_person_031_3af315d8f6fb676b.jpg,0,landscape,dark,none,1024,704,short_range,0,[],[],,TN
3b07a2c0d5c0c789,no_person,images/no_person/no_person_032_3b07a2c0d5c0c789.jpg,0,landscape,mid,none,1024,514,short_range,0,[],[],,TN
40133f118ef72e53,no_person,images/no_person/no_person_033_40133f118ef72e53.jpg,0,landscape,bright,none,1024,683,short_range,1,[0.504],"[[518, 256, 233, 233]]",,TN
460475ca9d34e13e,no_person,images/no_person/no_person_034_460475ca9d34e13e.jpg,0,portrait,mid,none,683,1024,short_range,0,[],[],,TN
47d51254f7b75129,no_person,images/no_person/no_person_035_47d51254f7b75129.jpg,0,landscape,dark,none,1024,685,short_range,0,[],[],,TN
48569f07b72a5998,no_person,images/no_person/no_person_036_48569f07b72a5998.jpg,0,landscape,dark,none,1024,768,short_range,0,[],[],,TN
4a31deb069c476b6,no_person,images/no_person/no_person_037_4a31deb069c476b6.jpg,0,landscape,mid,none,1024,683,short_range,0,[],[],,TN
4b7ca572ce0a7af7,no_person,images/no_person/no_person_038_4b7ca572ce0a7af7.jpg,0,landscape,mid,none,1024,683,short_range,0,[],[],,TN
4bea42f132166bfb,no_person,images/no_person/no_person_039_4bea42f132166bfb.jpg,0,landscape,dark,none,1024,661,short_range,0,[],[],,TN
4dcbea7a792e8d6c,no_person,images/no_person/no_person_040_4dcbea7a792e8d6c.jpg,0,landscape,mid,none,1024,768,short_range,0,[],[],,TN
4ee0c8713d077958,no_person,images/no_person/no_person_041_4ee0c8713d077958.jpg,0,landscape,dark,none,1024,683,short_range,0,[],[],,TN
4f0e98621eb327c0,no_person,images/no_person/no_person_042_4f0e98621eb327c0.jpg,0,landscape,mid,none,1024,768,short_range,0,[],[],,TN
521203c117a891c3,no_person,images/no_person/no_person_045_521203c117a891c3.jpg,0,landscape,mid,none,1024,768,short_range,0,[],[],,TN
55b7a4a581331b4b,no_person,images/no_person/no_person_046_55b7a4a581331b4b.jpg,0,portrait,dark,none,768,1024,short_range,0,[],[],,TN
55e8610683109e01,no_person,images/no_person/no_person_047_55e8610683109e01.jpg,0,landscape,mid,none,1024,683,short_range,0,[],[],,TN
579d93695e2e5a08,no_person,images/no_person/no_person_048_579d93695e2e5a08.jpg,0,squareish,mid,none,1024,1024,short_range,0,[],[],,TN
58edc439809229e6,no_person,images/no_person/no_person_049_58edc439809229e6.jpg,0,landscape,mid,none,1024,655,short_range,0,[],[],,TN
590f63eb87ae3901,no_person,images/no_person/no_person_050_590f63eb87ae3901.jpg,0,landscape,mid,none,1024,576,short_range,0,[],[],,TN
5a7a4fb4a4c76489,no_person,images/no_person/no_person_051_5a7a4fb4a4c76489.jpg,0,landscape,dark,none,1024,606,short_range,0,[],[],,TN
5a8adf95af26be40,no_person,images/no_person/no_person_052_5a8adf95af26be40.jpg,0,landscape,mid,none,1024,857,short_range,0,[],[],,TN
5daf202b1c1d4f8c,no_person,images/no_person/no_person_053_5daf202b1c1d4f8c.jpg,0,landscape,bright,none,1024,831,short_range,0,[],[],,TN
5de32ec0ecf824d1,no_person,images/no_person/no_person_054_5de32ec0ecf824d1.jpg,0,squareish,dark,none,1024,1024,short_range,1,[0.6873],"[[679, 350, 242, 242]]",,TN
5e0c148385ccd46a,no_person,images/no_person/no_person_055_5e0c148385ccd46a.jpg,0,landscape,mid,none,1024,768,short_range,0,[],[],,TN
62056ed02adaeafb,no_person,images/no_person/no_person_056_62056ed02adaeafb.jpg,0,squareish,mid,none,1024,1024,short_range,0,[],[],,TN
63321f1973f5cce9,no_person,images/no_person/no_person_057_63321f1973f5cce9.jpg,0,landscape,dark,none,1024,768,short_range,0,[],[],,TN
635118718652f9f5,no_person,images/no_person/no_person_058_635118718652f9f5.jpg,0,landscape,dark,none,1024,768,short_range,0,[],[],,TN
63a3246b8a551a29,no_person,images/no_person/no_person_059_63a3246b8a551a29.jpg,0,squareish,dark,none,1024,1024,short_range,1,[0.6343],"[[485, 63, 207, 207]]",,TN
65a44eb8080f41f3,no_person,images/no_person/no_person_060_65a44eb8080f41f3.jpg,0,portrait,mid,none,576,1024,short_range,0,[],[],,TN
660a0d63e495c707,no_person,images/no_person/no_person_061_660a0d63e495c707.jpg,0,portrait,mid,none,765,1024,short_range,0,[],[],,TN
699a335dd521a50f,no_person,images/no_person/no_person_064_699a335dd521a50f.jpg,0,landscape,mid,none,1024,768,short_range,0,[],[],,TN
6ab332cb6fcefc92,no_person,images/no_person/no_person_065_6ab332cb6fcefc92.jpg,0,landscape,mid,none,1024,768,short_range,0,[],[],,TN
6b4385b45018291a,no_person,images/no_person/no_person_066_6b4385b45018291a.jpg,0,landscape,mid,none,1024,683,short_range,0,[],[],,TN
6d9338d7cd5c2343,no_person,images/no_person/no_person_067_6d9338d7cd5c2343.jpg,0,landscape,dark,none,1024,768,short_range,0,[],[],,TN
6f0ec741b2b80479,no_person,images/no_person/no_person_068_6f0ec741b2b80479.jpg,0,squareish,mid,none,1024,1024,short_range,2,"[0.5589, 0.5481]","[[524, 545, 337, 337], [423, 5, 242, 242]]",,FP
70317bda96f2b16a,no_person,images/no_person/no_person_069_70317bda96f2b16a.jpg,0,landscape,mid,none,1024,683,short_range,0,[],[],,TN
708c10773d7e987c,no_person,images/no_person/no_person_070_708c10773d7e987c.jpg,0,landscape,mid,none,1024,682,short_range,0,[],[],,TN
72fa21aaffb7212b,no_person,images/no_person/no_person_071_72fa21aaffb7212b.jpg,0,landscape,mid,none,1024,681,short_range,0,[],[],,TN
73ab884e9e13a8e5,no_person,images/no_person/no_person_072_73ab884e9e13a8e5.jpg,0,portrait,dark,none,769,1024,short_range,0,[],[],,TN
760d09fc07584d2d,no_person,images/no_person/no_person_074_760d09fc07584d2d.jpg,0,landscape,bright,none,1024,685,short_range,0,[],[],,TN
7eabbe69aa5b2e0e,no_person,images/no_person/no_person_076_7eabbe69aa5b2e0e.jpg,0,landscape,mid,none,1024,768,short_range,1,[0.5351],"[[573, 265, 395, 395]]",,TN
7f6d7029b1d7027a,no_person,images/no_person/no_person_077_7f6d7029b1d7027a.jpg,0,landscape,mid,none,1024,768,short_range,0,[],[],,TN
828da354cdfb382f,no_person,images/no_person/no_person_078_828da354cdfb382f.jpg,0,portrait,mid,none,683,1024,short_range,0,[],[],,TN
82d2be1ae412a923,no_person,images/no_person/no_person_079_82d2be1ae412a923.jpg,0,landscape,mid,none,1024,682,short_range,0,[],[],,TN
85c24b2aee69131c,no_person,images/no_person/no_person_081_85c24b2aee69131c.jpg,0,landscape,mid,none,1024,683,short_range,0,[],[],,TN
869197f411ca73c3,no_person,images/no_person/no_person_083_869197f411ca73c3.jpg,0,portrait,dark,none,682,1024,short_range,0,[],[],,TN
86c4d94c349bac49,no_person,images/no_person/no_person_084_86c4d94c349bac49.jpg,0,landscape,dark,none,1024,678,short_range,0,[],[],,TN
874d30df433ed39f,no_person,images/no_person/no_person_086_874d30df433ed39f.jpg,0,portrait,mid,none,683,1024,short_range,0,[],[],,TN
879f31478ec27cdb,no_person,images/no_person/no_person_087_879f31478ec27cdb.jpg,0,squareish,bright,none,1024,1012,short_range,0,[],[],,TN
87e34356132daf30,no_person,images/no_person/no_person_088_87e34356132daf30.jpg,0,landscape,bright,none,1024,679,short_range,0,[],[],,TN
87f4252180bcecc5,no_person,images/no_person/no_person_089_87f4252180bcecc5.jpg,0,landscape,mid,none,1024,683,short_range,1,[0.5814],"[[666, 0, 356, 356]]",,TN
87f74eb3590027f7,no_person,images/no_person/no_person_090_87f74eb3590027f7.jpg,0,squareish,mid,none,1024,1024,short_range,0,[],[],,TN
8a203710e5e4399c,no_person,images/no_person/no_person_091_8a203710e5e4399c.jpg,0,landscape,mid,none,1024,768,short_range,0,[],[],,TN
8bd2f57728700fd6,no_person,images/no_person/no_person_092_8bd2f57728700fd6.jpg,0,landscape,mid,none,1024,643,short_range,0,[],[],,TN
8c430d2eb65bd58c,no_person,images/no_person/no_person_093_8c430d2eb65bd58c.jpg,0,landscape,mid,none,1024,683,short_range,0,[],[],,TN
8cda00f3b8e77296,no_person,images/no_person/no_person_094_8cda00f3b8e77296.jpg,0,landscape,mid,none,1024,768,short_range,0,[],[],,TN
8e43b7eaf13339a2,no_person,images/no_person/no_person_095_8e43b7eaf13339a2.jpg,0,landscape,mid,none,1024,684,short_range,0,[],[],,TN
9139ea410d42f6ca,no_person,images/no_person/no_person_096_9139ea410d42f6ca.jpg,0,landscape,mid,none,1024,426,short_range,0,[],[],,TN
96b0c9109e89c90a,no_person,images/no_person/no_person_098_96b0c9109e89c90a.jpg,0,landscape,mid,none,1024,576,short_range,0,[],[],,TN
97a73a0bb5d24ed8,no_person,images/no_person/no_person_099_97a73a0bb5d24ed8.jpg,0,landscape,mid,none,1024,768,short_range,0,[],[],,TN
996c3ef8b49bd642,no_person,images/no_person/no_person_100_996c3ef8b49bd642.jpg,0,landscape,mid,none,1024,684,short_range,0,[],[],,TN
9ca0fe8c92ca8a72,no_person,images/no_person/no_person_102_9ca0fe8c92ca8a72.jpg,0,landscape,mid,none,1024,768,short_range,0,[],[],,TN
9cb86acbc3b5617e,no_person,images/no_person/no_person_103_9cb86acbc3b5617e.jpg,0,landscape,mid,none,1024,768,short_range,0,[],[],,TN
9d00675a40dead6a,no_person,images/no_person/no_person_104_9d00675a40dead6a.jpg,0,landscape,mid,none,1024,683,short_range,1,[0.5818],"[[242, 28, 549, 549]]",,TN
9fd78dd2ab415f88,no_person,images/no_person/no_person_106_9fd78dd2ab415f88.jpg,0,landscape,mid,none,1024,768,short_range,0,[],[],,TN
a0cc417a3ba0e5ee,no_person,images/no_person/no_person_107_a0cc417a3ba0e5ee.jpg,0,landscape,mid,none,1024,683,short_range,0,[],[],,TN
a139c871707338b7,no_person,images/no_person/no_person_108_a139c871707338b7.jpg,0,portrait,mid,none,737,1024,short_range,0,[],[],,TN
a61761fcc8bb9e7f,no_person,images/no_person/no_person_110_a61761fcc8bb9e7f.jpg,0,landscape,dark,none,1024,765,short_range,0,[],[],,TN
a657bf7cc55ec5ef,no_person,images/no_person/no_person_111_a657bf7cc55ec5ef.jpg,0,landscape,mid,none,1024,569,short_range,0,[],[],,TN
a78f410f8ac43e67,no_person,images/no_person/no_person_112_a78f410f8ac43e67.jpg,0,portrait,mid,none,768,1024,short_range,0,[],[],,TN
a86ada8fd21e5a01,no_person,images/no_person/no_person_113_a86ada8fd21e5a01.jpg,0,portrait,mid,none,763,1024,short_range,1,[0.7379],"[[148, 193, 512, 512]]",,TN
a9eee119d043012f,no_person,images/no_person/no_person_114_a9eee119d043012f.jpg,0,portrait,mid,none,819,1024,short_range,1,[0.6621],"[[167, 263, 660, 660]]",,TN
aaf216849638c15d,no_person,images/no_person/no_person_115_aaf216849638c15d.jpg,0,landscape,mid,none,1024,683,short_range,1,[0.5512],"[[0, 133, 302, 302]]",,TN
ae57414bfd981334,no_person,images/no_person/no_person_116_ae57414bfd981334.jpg,0,landscape,mid,none,1024,532,short_range,0,[],[],,TN
b109dce31a62c877,no_person,images/no_person/no_person_117_b109dce31a62c877.jpg,0,landscape,mid,none,1024,769,short_range,0,[],[],,TN
b7386f761415e534,no_person,images/no_person/no_person_118_b7386f761415e534.jpg,0,landscape,mid,none,1024,854,short_range,0,[],[],,TN
b77a95a07f96191a,no_person,images/no_person/no_person_119_b77a95a07f96191a.jpg,0,portrait,mid,none,681,1024,short_range,0,[],[],,TN
b7f0012a1532ef56,no_person,images/no_person/no_person_120_b7f0012a1532ef56.jpg,0,landscape,mid,none,1024,744,short_range,0,[],[],,TN
be6ee2581a6c1dfb,no_person,images/no_person/no_person_121_be6ee2581a6c1dfb.jpg,0,landscape,mid,none,1024,453,short_range,0,[],[],,TN
c0257f3e8a28542f,no_person,images/no_person/no_person_122_c0257f3e8a28542f.jpg,0,squareish,mid,none,1024,1024,short_range,0,[],[],,TN
c0ae3a5faf42a968,no_person,images/no_person/no_person_123_c0ae3a5faf42a968.jpg,0,portrait,dark,none,612,1024,short_range,0,[],[],,TN
c172c3a15f8062f9,no_person,images/no_person/no_person_124_c172c3a15f8062f9.jpg,0,landscape,dark,none,1024,678,short_range,0,[],[],,TN
c6b6068adf8a299a,no_person,images/no_person/no_person_126_c6b6068adf8a299a.jpg,0,squareish,mid,none,1024,944,short_range,0,[],[],,TN
c7595e6515994355,no_person,images/no_person/no_person_127_c7595e6515994355.jpg,0,landscape,dark,none,1024,768,short_range,0,[],[],,TN
c7756e4ac4de5289,no_person,images/no_person/no_person_128_c7756e4ac4de5289.jpg,0,landscape,mid,none,1024,685,short_range,0,[],[],,TN
cd8ab636fd09959b,no_person,images/no_person/no_person_129_cd8ab636fd09959b.jpg,0,landscape,bright,none,1024,768,short_range,0,[],[],,TN
ce2531fb4f8a82f9,no_person,images/no_person/no_person_130_ce2531fb4f8a82f9.jpg,0,landscape,bright,none,1024,680,short_range,0,[],[],,TN
ce9459ef17ab963c,no_person,images/no_person/no_person_131_ce9459ef17ab963c.jpg,0,landscape,dark,none,1024,577,short_range,0,[],[],,TN
ceceeeddd2b92e54,no_person,images/no_person/no_person_132_ceceeeddd2b92e54.jpg,0,portrait,mid,none,768,1024,short_range,0,[],[],,TN
cf16322b6aeb41c5,no_person,images/no_person/no_person_133_cf16322b6aeb41c5.jpg,0,landscape,mid,none,1024,680,short_range,0,[],[],,TN
d2e270714f830a69,no_person,images/no_person/no_person_134_d2e270714f830a69.jpg,0,landscape,dark,none,1024,680,short_range,0,[],[],,TN
d308738ab5e9c4c1,no_person,images/no_person/no_person_135_d308738ab5e9c4c1.jpg,0,landscape,mid,none,1024,683,short_range,0,[],[],,TN
d331bd280b385980,no_person,images/no_person/no_person_136_d331bd280b385980.jpg,0,landscape,mid,none,1024,683,short_range,0,[],[],,TN
d44204eabc0838b6,no_person,images/no_person/no_person_137_d44204eabc0838b6.jpg,0,squareish,mid,none,1024,1024,short_range,0,[],[],,TN
d756def0c991fc16,no_person,images/no_person/no_person_138_d756def0c991fc16.jpg,0,landscape,dark,none,1024,768,short_range,0,[],[],,TN
d80fa1bfdd6d4e8a,no_person,images/no_person/no_person_139_d80fa1bfdd6d4e8a.jpg,0,landscape,mid,none,1024,768,short_range,0,[],[],,TN
d907d76049a100c2,no_person,images/no_person/no_person_140_d907d76049a100c2.jpg,0,squareish,mid,none,1024,1024,short_range,0,[],[],,TN
d951f50fecf1a51b,no_person,images/no_person/no_person_141_d951f50fecf1a51b.jpg,0,landscape,dark,none,1024,683,short_range,0,[],[],,TN
d977bd2d81063b4a,no_person,images/no_person/no_person_142_d977bd2d81063b4a.jpg,0,portrait,mid,none,768,1024,short_range,0,[],[],,TN
daa88aa68ff91d62,no_person,images/no_person/no_person_143_daa88aa68ff91d62.jpg,0,portrait,mid,none,768,1024,short_range,0,[],[],,TN
dba3a2b4d1d21211,no_person,images/no_person/no_person_144_dba3a2b4d1d21211.jpg,0,landscape,mid,none,1024,683,short_range,0,[],[],,TN
def32cd280e19b00,no_person,images/no_person/no_person_145_def32cd280e19b00.jpg,0,landscape,dark,none,1024,683,short_range,0,[],[],,TN
dff59b654d88d729,no_person,images/no_person/no_person_146_dff59b654d88d729.jpg,0,landscape,mid,none,1024,577,short_range,0,[],[],,TN
e1792cac0240bdd1,no_person,images/no_person/no_person_147_e1792cac0240bdd1.jpg,0,landscape,mid,none,1024,683,short_range,0,[],[],,TN
e1c0d6e6c72399b6,no_person,images/no_person/no_person_148_e1c0d6e6c72399b6.jpg,0,portrait,mid,none,768,1024,short_range,0,[],[],,TN
e338bd3b9471a143,no_person,images/no_person/no_person_149_e338bd3b9471a143.jpg,0,landscape,mid,none,1024,661,short_range,0,[],[],,TN
e3dfaf8e844654f4,no_person,images/no_person/no_person_150_e3dfaf8e844654f4.jpg,0,landscape,bright,none,1024,680,short_range,0,[],[],,TN
e5535a2cf65c6f2b,no_person,images/no_person/no_person_151_e5535a2cf65c6f2b.jpg,0,landscape,mid,none,1024,577,short_range,0,[],[],,TN
e60c8574d93ac919,no_person,images/no_person/no_person_152_e60c8574d93ac919.jpg,0,landscape,mid,none,1024,683,short_range,0,[],[],,TN
e8e57e35dd0503ae,no_person,images/no_person/no_person_153_e8e57e35dd0503ae.jpg,0,landscape,mid,none,1024,683,short_range,0,[],[],,TN
e930f96788179c21,no_person,images/no_person/no_person_154_e930f96788179c21.jpg,0,portrait,mid,none,768,1024,short_range,0,[],[],,TN
e9423e6b8bae1cdf,no_person,images/no_person/no_person_155_e9423e6b8bae1cdf.jpg,0,landscape,dark,none,1024,681,short_range,0,[],[],,TN
e9d0de6cc6112a2f,no_person,images/no_person/no_person_156_e9d0de6cc6112a2f.jpg,0,portrait,mid,none,819,1024,short_range,0,[],[],,TN
eadc34667bc846bc,no_person,images/no_person/no_person_157_eadc34667bc846bc.jpg,0,landscape,dark,none,1024,768,short_range,0,[],[],,TN
eb8e6045be1633e2,no_person,images/no_person/no_person_158_eb8e6045be1633e2.jpg,0,landscape,bright,none,1024,468,short_range,0,[],[],,TN
f02c1b491c4639aa,no_person,images/no_person/no_person_159_f02c1b491c4639aa.jpg,0,portrait,bright,none,768,1024,short_range,1,[0.7404],"[[309, 633, 203, 203]]",,TN
f0f8a4735dc4aac7,no_person,images/no_person/no_person_160_f0f8a4735dc4aac7.jpg,0,landscape,mid,none,1024,768,short_range,0,[],[],,TN
f12616525999f0d2,no_person,images/no_person/no_person_161_f12616525999f0d2.jpg,0,landscape,mid,none,1024,768,short_range,0,[],[],,TN
f172a83198d21d73,no_person,images/no_person/no_person_162_f172a83198d21d73.jpg,0,landscape,mid,none,1024,768,short_range,0,[],[],,TN
f65562c47990a68b,no_person,images/no_person/no_person_163_f65562c47990a68b.jpg,0,landscape,bright,none,1024,683,short_range,0,[],[],,TN
fc06c512eed266b3,no_person,images/no_person/no_person_164_fc06c512eed266b3.jpg,0,landscape,mid,none,1024,544,short_range,0,[],[],,TN
fce2de65f50d9d6d,no_person,images/no_person/no_person_165_fce2de65f50d9d6d.jpg,0,landscape,dark,none,1024,765,short_range,0,[],[],,TN
fff820866f567015,no_person,images/no_person/no_person_166_fff820866f567015.jpg,0,landscape,mid,none,1024,768,short_range,0,[],[],,TN
001a809ad40a2f84,one_person,images/one_person/multiple_people_001_001a809ad40a2f84.jpg,1,landscape,dark,two_people,1024,768,short_range,0,[],[],,FN
05c6fc62d2980f50,one_person,images/one_person/one_person_003_05c6fc62d2980f50.jpg,1,portrait,mid,close,683,1024,short_range,1,[0.8218],"[[83, 396, 487, 487]]",,TP
05979fd2ebd7ecf1,one_person,images/one_person/multiple_people_005_05979fd2ebd7ecf1.jpg,1,landscape,dark,two_people,1024,576,short_range,0,[],[],,FN
0ff8dd7e1d0f6010,one_person,images/one_person/one_person_008_0ff8dd7e1d0f6010.jpg,1,landscape,mid,wide,1024,681,short_range,0,[],[],,FN
105894faa652acd5,one_person,images/one_person/one_person_009_105894faa652acd5.jpg,1,landscape,dark,close,1024,484,short_range,2,"[0.7, 0.5538]","[[141, 58, 186, 186], [579, 0, 224, 224]]",,FN
106c8de22ed8d1d4,one_person,images/one_person/one_person_010_106c8de22ed8d1d4.jpg,1,portrait,dark,close,683,1024,short_range,1,[0.6734],"[[237, 175, 147, 147]]",,TP
1acd7065fb928ac6,one_person,images/one_person/one_person_013_1acd7065fb928ac6.jpg,1,squareish,mid,close,1024,1024,short_range,1,[0.7509],"[[401, 302, 355, 355]]",,TP
1afac27b76f7491e,one_person,images/one_person/one_person_014_1afac27b76f7491e.jpg,1,landscape,mid,wide,1024,768,short_range,0,[],[],,FN
1b5e5bfbedee8bf2,one_person,images/one_person/one_person_015_1b5e5bfbedee8bf2.jpg,1,portrait,mid,close,768,1024,short_range,1,[0.9037],"[[297, 456, 165, 165]]",,TP
1bc5dd3c47ce5520,one_person,images/one_person/one_person_016_1bc5dd3c47ce5520.jpg,1,landscape,dark,wide,1024,682,short_range,0,[],[],,FN
0e8aef71cc6618dc,one_person,images/one_person/multiple_people_018_0e8aef71cc6618dc.jpg,1,portrait,bright,two_people,683,1024,short_range,0,[],[],,FN
10bc62e196683c3d,one_person,images/one_person/multiple_people_019_10bc62e196683c3d.jpg,1,portrait,bright,two_people,683,1024,short_range,0,[],[],,FN
1250a079d3fbd919,one_person,images/one_person/multiple_people_021_1250a079d3fbd919.jpg,1,landscape,dark,two_people,1024,787,short_range,1,[0.9],"[[352, 354, 337, 337]]",,TP
2441993672e49498,one_person,images/one_person/one_person_021_2441993672e49498.jpg,1,landscape,mid,medium,1024,684,short_range,1,[0.6781],"[[659, 141, 139, 139]]",,TP
266a3f657957cba7,one_person,images/one_person/one_person_023_266a3f657957cba7.jpg,1,portrait,bright,close,833,1024,short_range,1,[0.8686],"[[334, 369, 183, 183]]",,TP
1cb8d7f4bd9add65,one_person,images/one_person/multiple_people_027_1cb8d7f4bd9add65.jpg,1,landscape,bright,two_people,1024,683,short_range,0,[],[],,FN
2bee5d12e4ef7ccf,one_person,images/one_person/one_person_030_2bee5d12e4ef7ccf.jpg,1,landscape,mid,medium,1024,640,short_range,1,[0.915],"[[78, 142, 203, 203]]",,TP
2c0ede2d5afce7a5,one_person,images/one_person/one_person_032_2c0ede2d5afce7a5.jpg,1,landscape,dark,close,1024,765,short_range,0,[],[],,FN
27381baca8b56e16,one_person,images/one_person/multiple_people_034_27381baca8b56e16.jpg,1,portrait,dark,two_people,683,1024,short_range,1,[0.8279],"[[110, 241, 459, 459]]",,TP
2df686d1d1864fb4,one_person,images/one_person/one_person_034_2df686d1d1864fb4.jpg,1,portrait,mid,close,683,1024,short_range,1,[0.8351],"[[284, 53, 157, 157]]",,TP
2e795d1eb06f7887,one_person,images/one_person/one_person_035_2e795d1eb06f7887.jpg,1,portrait,mid,close,683,1024,short_range,1,[0.8304],"[[191, 217, 197, 197]]",,TP
33e560e47afb32fc,one_person,images/one_person/one_person_037_33e560e47afb32fc.jpg,1,landscape,mid,close,1024,686,short_range,1,[0.9093],"[[312, 107, 261, 261]]",,TP
3b18539b45071335,one_person,images/one_person/one_person_039_3b18539b45071335.jpg,1,portrait,mid,close,768,1024,short_range,1,[0.6348],"[[339, 12, 170, 170]]",,TP
30a50c305d4fcd41,one_person,images/one_person/multiple_people_041_30a50c305d4fcd41.jpg,1,landscape,dark,two_people,1024,686,short_range,1,[0.5004],"[[79, 119, 188, 188]]",,TP
4473a57527bce035,one_person,images/one_person/one_person_042_4473a57527bce035.jpg,1,portrait,mid,close,682,1024,short_range,1,[0.5233],"[[284, 241, 152, 152]]",,TP
359a19a08916fb41,one_person,images/one_person/multiple_people_043_359a19a08916fb41.jpg,1,portrait,bright,two_people,576,1024,short_range,1,[0.928],"[[179, 396, 274, 274]]",,TP
448a11c4a72c2dda,one_person,images/one_person/one_person_043_448a11c4a72c2dda.jpg,1,squareish,dark,close,1024,1024,short_range,1,[0.8932],"[[381, 214, 251, 251]]",,TP
3b80328ebb23b640,one_person,images/one_person/multiple_people_044_3b80328ebb23b640.jpg,1,portrait,mid,small_group,768,1024,short_range,1,[0.9303],"[[480, 345, 144, 144]]",,TP
4a55f408ddfb54e5,one_person,images/one_person/one_person_047_4a55f408ddfb54e5.jpg,1,landscape,mid,medium,1024,768,short_range,0,[],[],,FN
4fa7c4192dde38d6,one_person,images/one_person/one_person_051_4fa7c4192dde38d6.jpg,1,landscape,mid,medium,1024,686,short_range,0,[],[],,FN
5473d81fc8a5a6bb,one_person,images/one_person/one_person_054_5473d81fc8a5a6bb.jpg,1,landscape,mid,close,1024,768,short_range,1,[0.8776],"[[457, 185, 519, 519]]",,TP
4aacf2693271afde,one_person,images/one_person/multiple_people_056_4aacf2693271afde.jpg,1,landscape,mid,small_group,1024,683,short_range,1,[0.87],"[[427, 138, 154, 154]]",,TP
59e2b03991f6a4ea,one_person,images/one_person/one_person_058_59e2b03991f6a4ea.jpg,1,landscape,mid,medium,1024,768,short_range,0,[],[],,FN
64430a732bf65089,one_person,images/one_person/one_person_063_64430a732bf65089.jpg,1,landscape,mid,wide,1024,768,short_range,0,[],[],,FN
7014f256073b1fce,one_person,images/one_person/one_person_067_7014f256073b1fce.jpg,1,landscape,mid,wide,1024,685,short_range,0,[],[],,FN
70cda03d3facb77f,one_person,images/one_person/one_person_069_70cda03d3facb77f.jpg,1,portrait,mid,close,680,1024,short_range,1,[0.9186],"[[205, 214, 283, 283]]",,TP
7114f394ca668e0d,one_person,images/one_person/one_person_070_7114f394ca668e0d.jpg,1,portrait,bright,close,824,1024,short_range,1,[0.9125],"[[247, 236, 355, 355]]",,TP
749610d50093e03a,one_person,images/one_person/one_person_072_749610d50093e03a.jpg,1,portrait,dark,close,687,1024,short_range,1,[0.797],"[[326, 170, 191, 191]]",,TP
7772aaad3a1b72cc,one_person,images/one_person/one_person_073_7772aaad3a1b72cc.jpg,1,landscape,mid,medium,1024,689,short_range,1,[0.5871],"[[547, 32, 145, 145]]",,TP
793c395cc5cd8ae6,one_person,images/one_person/one_person_074_793c395cc5cd8ae6.jpg,1,landscape,bright,wide,1024,619,short_range,0,[],[],,FN
62f5b3b114f74ea8,one_person,images/one_person/multiple_people_076_62f5b3b114f74ea8.jpg,1,landscape,mid,crowd,1024,768,short_range,0,[],[],,FN
7fa10463a405149b,one_person,images/one_person/one_person_078_7fa10463a405149b.jpg,1,landscape,mid,medium,1024,768,short_range,0,[],[],,FN
803b24a864ebe3ae,one_person,images/one_person/one_person_079_803b24a864ebe3ae.jpg,1,portrait,mid,medium,768,1024,short_range,1,[0.9309],"[[570, 161, 163, 163]]",,TP
6a6881aefff9ad58,one_person,images/one_person/multiple_people_080_6a6881aefff9ad58.jpg,1,landscape,mid,small_group,1024,683,short_range,1,[0.9129],"[[386, 133, 167, 167]]",,TP
837b3d11ff02f116,one_person,images/one_person/one_person_082_837b3d11ff02f116.jpg,1,landscape,mid,medium,1024,683,short_range,0,[],[],,FN
886236e08b9b968c,one_person,images/one_person/one_person_084_886236e08b9b968c.jpg,1,landscape,dark,close,1024,682,short_range,1,[0.9251],"[[570, 241, 183, 183]]",,TP
8bedde41eaa5eb6d,one_person,images/one_person/one_person_085_8bedde41eaa5eb6d.jpg,1,landscape,mid,wide,1024,768,short_range,0,[],[],,FN
736d1973d3967036,one_person,images/one_person/multiple_people_087_736d1973d3967036.jpg,1,landscape,mid,small_group,1024,768,short_range,0,[],[],,FN
8c4e736ef60aa3f9,one_person,images/one_person/one_person_088_8c4e736ef60aa3f9.jpg,1,portrait,mid,close,768,1024,short_range,1,[0.6727],"[[193, 207, 369, 369]]",,TP
8d44775ffa0bbc02,one_person,images/one_person/one_person_089_8d44775ffa0bbc02.jpg,1,portrait,mid,medium,768,1024,short_range,0,[],[],,FN
96a47d935f1eb64c,one_person,images/one_person/one_person_094_96a47d935f1eb64c.jpg,1,landscape,dark,close,1024,570,short_range,1,[0.6687],"[[157, 156, 151, 151]]",,TP
9f9ddde0cca807dd,one_person,images/one_person/one_person_100_9f9ddde0cca807dd.jpg,1,landscape,mid,medium,1024,769,short_range,0,[],[],,FN
9fc6b9554a142b1a,one_person,images/one_person/one_person_101_9fc6b9554a142b1a.jpg,1,landscape,dark,medium,1024,683,short_range,0,[],[],,FN
8724b04396736424,one_person,images/one_person/multiple_people_102_8724b04396736424.jpg,1,portrait,mid,two_people,819,1024,short_range,0,[],[],,FN
a0b2c05d230eea7e,one_person,images/one_person/one_person_103_a0b2c05d230eea7e.jpg,1,squareish,dark,medium,768,768,short_range,0,[],[],,FN
8fdbdebfd738f5b2,one_person,images/one_person/multiple_people_108_8fdbdebfd738f5b2.jpg,1,landscape,mid,two_people,1024,683,short_range,2,"[0.8675, 0.501]","[[344, 232, 296, 296], [739, 211, 166, 166]]",,FN
90202f569dba25db,one_person,images/one_person/multiple_people_109_90202f569dba25db.jpg,1,portrait,dark,two_people,668,1024,short_range,1,[0.8349],"[[135, 302, 359, 358]]",,TP
abe727464a1283e7,one_person,images/one_person/one_person_109_abe727464a1283e7.jpg,1,landscape,mid,wide,1024,489,short_range,0,[],[],,FN
aee8640dbc1f1400,one_person,images/one_person/one_person_110_aee8640dbc1f1400.jpg,1,landscape,mid,medium,1024,768,short_range,1,[0.6318],"[[418, 341, 162, 162]]",,TP
b02f17093e0c9cb4,one_person,images/one_person/one_person_112_b02f17093e0c9cb4.jpg,1,portrait,mid,wide,768,1024,short_range,0,[],[],,FN
b1a9e116b86a9e8b,one_person,images/one_person/one_person_113_b1a9e116b86a9e8b.jpg,1,landscape,dark,close,1024,768,short_range,1,[0.7453],"[[612, 188, 218, 218]]",,TP
bca7c60844e003de,one_person,images/one_person/one_person_119_bca7c60844e003de.jpg,1,landscape,mid,medium,1024,826,short_range,1,[0.7322],"[[241, 136, 142, 142]]",,TP
bdb8487ccbb6d988,one_person,images/one_person/one_person_120_bdb8487ccbb6d988.jpg,1,portrait,mid,close,768,1024,short_range,1,[0.8821],"[[260, 361, 159, 159]]",,TP
bdc691bb0da7a5cb,one_person,images/one_person/one_person_121_bdc691bb0da7a5cb.jpg,1,landscape,dark,wide,1024,765,short_range,0,[],[],,FN
ac3f4e50732de3f9,one_person,images/one_person/multiple_people_124_ac3f4e50732de3f9.jpg,1,landscape,mid,small_group,1024,680,short_range,0,[],[],,FN
c2a83ce7810a2bce,one_person,images/one_person/one_person_126_c2a83ce7810a2bce.jpg,1,landscape,bright,close,1024,768,short_range,1,[0.95],"[[478, 251, 257, 257]]",,TP
c5b4afa952516c3a,one_person,images/one_person/one_person_127_c5b4afa952516c3a.jpg,1,portrait,mid,close,684,1024,short_range,1,[0.8852],"[[256, 132, 158, 158]]",,TP
c7bf2a1de32f3536,one_person,images/one_person/one_person_128_c7bf2a1de32f3536.jpg,1,portrait,mid,close,469,1024,short_range,0,[],[],,FN
cdb2eb44978f5796,one_person,images/one_person/one_person_132_cdb2eb44978f5796.jpg,1,landscape,mid,medium,1024,682,short_range,0,[],[],,FN
d00e6b4237dc5111,one_person,images/one_person/one_person_135_d00e6b4237dc5111.jpg,1,landscape,mid,medium,1024,768,short_range,0,[],[],,FN
d6af02eed3f028d9,one_person,images/one_person/one_person_137_d6af02eed3f028d9.jpg,1,portrait,mid,close,683,1024,short_range,1,[0.9438],"[[253, 444, 339, 339]]",,TP
d7d469cb4c7e8cd2,one_person,images/one_person/one_person_138_d7d469cb4c7e8cd2.jpg,1,landscape,mid,close,1024,768,short_range,0,[],[],,FN
d5f08b8d5ed6055f,one_person,images/one_person/multiple_people_142_d5f08b8d5ed6055f.jpg,1,landscape,bright,small_group,1024,544,short_range,1,[0.7205],"[[162, 198, 128, 128]]",,TP
e2acbd8c12093e9d,one_person,images/one_person/one_person_145_e2acbd8c12093e9d.jpg,1,portrait,mid,wide,768,1024,short_range,0,[],[],,FN
e82991236aafa314,one_person,images/one_person/one_person_148_e82991236aafa314.jpg,1,landscape,mid,medium,1024,680,short_range,1,[0.5626],"[[247, 85, 150, 150]]",,TP
e9114065de005073,one_person,images/one_person/one_person_149_e9114065de005073.jpg,1,landscape,mid,medium,1024,683,short_range,1,[0.6076],"[[621, 318, 137, 137]]",,TP
f0f3cbd5ccd82bd8,one_person,images/one_person/one_person_152_f0f3cbd5ccd82bd8.jpg,1,portrait,mid,wide,768,1024,short_range,0,[],[],,FN
f15a6e4c696003f7,one_person,images/one_person/one_person_153_f15a6e4c696003f7.jpg,1,landscape,mid,medium,1024,768,short_range,0,[],[],,FN
f316ac84e7a1dd74,one_person,images/one_person/one_person_156_f316ac84e7a1dd74.jpg,1,landscape,bright,close,1024,652,short_range,1,[0.9638],"[[180, 208, 154, 154]]",,TP
f611f9b29d856a6a,one_person,images/one_person/one_person_157_f611f9b29d856a6a.jpg,1,landscape,mid,close,1024,768,short_range,0,[],[],,FN
e44ad1342907539a,one_person,images/one_person/multiple_people_158_e44ad1342907539a.jpg,1,portrait,mid,two_people,768,1024,short_range,2,"[0.6036, 0.5041]","[[13, 158, 161, 161], [308, 433, 260, 260]]",,FN
f822704227fcfc5d,one_person,images/one_person/one_person_158_f822704227fcfc5d.jpg,1,landscape,mid,wide,1024,640,short_range,0,[],[],,FN
f856eeb4589e190f,one_person,images/one_person/one_person_159_f856eeb4589e190f.jpg,1,landscape,bright,close,1024,772,short_range,0,[],[],,FN
f3b448a161d841aa,one_person,images/one_person/multiple_people_162_f3b448a161d841aa.jpg,1,portrait,dark,two_people,602,1024,short_range,0,[],[],,FN
fb29c5094d86fe95,one_person,images/one_person/one_person_163_fb29c5094d86fe95.jpg,1,landscape,mid,close,1024,768,short_range,0,[],[],,FN
fb606f3170d6e48e,one_person,images/one_person/one_person_165_fb606f3170d6e48e.jpg,1,landscape,mid,wide,1024,768,short_range,0,[],[],,FN
fc7f2e6df99fd71f,one_person,images/one_person/one_person_166_fc7f2e6df99fd71f.jpg,1,portrait,mid,close,577,1024,short_range,1,[0.8362],"[[139, 242, 163, 163]]",,TP
fca212e89c814412,one_person,images/one_person/one_person_167_fca212e89c814412.jpg,1,landscape,mid,medium,1024,683,short_range,0,[],[],,FN
140d247f79fc0516,one_person,images/one_person/one_person_168_140d247f79fc0516.jpg,1,landscape,mid,wide,1024,829,short_range,0,[],[],,FN
226f45719bfa23b3,one_person,images/one_person/one_person_169_226f45719bfa23b3.jpg,1,portrait,mid,close,768,1024,short_range,1,[0.9386],"[[319, 330, 216, 216]]",,TP
227b9ef81a3fa85b,one_person,images/one_person/one_person_170_227b9ef81a3fa85b.jpg,1,squareish,dark,close,1024,1024,short_range,1,[0.8695],"[[559, 137, 240, 240]]",,TP
232299e70b9fe949,one_person,images/one_person/one_person_171_232299e70b9fe949.jpg,1,portrait,mid,close,683,1024,short_range,0,[],[],,FN
273d76c3c5029109,one_person,images/one_person/one_person_172_273d76c3c5029109.jpg,1,portrait,mid,close,768,1024,short_range,1,[0.5343],"[[274, 195, 159, 159]]",,TP
2acd790522ad524f,one_person,images/one_person/one_person_173_2acd790522ad524f.jpg,1,landscape,mid,close,1024,683,short_range,1,[0.8715],"[[459, 151, 151, 151]]",,TP
2de105d7caa39f21,one_person,images/one_person/one_person_174_2de105d7caa39f21.jpg,1,squareish,mid,close,1024,961,short_range,1,[0.93],"[[511, 185, 252, 252]]",,TP
2ec4d02dee94565a,one_person,images/one_person/one_person_175_2ec4d02dee94565a.jpg,1,landscape,mid,close,1024,678,short_range,0,[],[],,FN
3264cb227a07af3f,one_person,images/one_person/one_person_176_3264cb227a07af3f.jpg,1,landscape,mid,close,1024,768,short_range,1,[0.5013],"[[223, 179, 138, 138]]",,TP
34b65dafe328d39e,one_person,images/one_person/one_person_177_34b65dafe328d39e.jpg,1,landscape,mid,medium,1024,768,short_range,0,[],[],,FN
383ffb16d582355d,one_person,images/one_person/one_person_178_383ffb16d582355d.jpg,1,landscape,mid,close,1024,686,short_range,1,[0.9414],"[[120, 117, 181, 181]]",,TP
3db67d769a59e5e1,one_person,images/one_person/one_person_179_3db67d769a59e5e1.jpg,1,portrait,dark,close,755,1024,short_range,1,[0.8689],"[[188, 128, 246, 246]]",,TP
479f1a1514ed0ffd,one_person,images/one_person/one_person_180_479f1a1514ed0ffd.jpg,1,portrait,mid,close,683,1024,short_range,0,[],[],,FN
6b92c8ef9fc245ce,one_person,images/one_person/one_person_182_6b92c8ef9fc245ce.jpg,1,portrait,bright,close,683,1024,short_range,1,[0.8967],"[[288, 280, 124, 124]]",,TP
92d4efcf4cd1bb99,one_person,images/one_person/one_person_183_92d4efcf4cd1bb99.jpg,1,landscape,mid,close,1024,770,short_range,1,[0.8905],"[[288, 213, 337, 337]]",,TP
a2cfa4d77d36e616,one_person,images/one_person/one_person_184_a2cfa4d77d36e616.jpg,1,landscape,mid,close,1024,683,short_range,1,[0.8945],"[[500, 100, 176, 176]]",,TP
e134ed15aae9c4ae,one_person,images/one_person/one_person_185_e134ed15aae9c4ae.jpg,1,landscape,mid,close,1024,768,short_range,1,[0.9291],"[[342, 258, 304, 304]]",,TP
fd58b64041a396df,one_person,images/one_person/one_person_186_fd58b64041a396df.jpg,1,landscape,mid,medium,1024,768,short_range,1,[0.6244],"[[496, 273, 395, 395]]",,TP
c79a52622d1083ce,one_person,images/one_person/one_person_audit_001_c79a52622d1083ce.jpg,1,landscape,mid,medium,1024,683,short_range,0,[],[],,FN
a5cda01d6f90e438,one_person,images/one_person/one_person_audit_002_a5cda01d6f90e438.jpg,1,landscape,mid,wide,1024,768,short_range,0,[],[],,FN
1313a4add388424c,one_person,images/one_person/one_person_audit_003_1313a4add388424c.jpg,1,landscape,mid,medium,1024,683,short_range,0,[],[],,FN
90587cd2a48e96d9,one_person,images/one_person/one_person_audit_004_90587cd2a48e96d9.jpg,1,landscape,mid,medium,1024,768,short_range,0,[],[],,FN
85ab9bd71a069616,one_person,images/one_person/one_person_audit_005_85ab9bd71a069616.jpg,1,landscape,mid,wide,1024,662,short_range,1,[0.6485],"[[638, 396, 160, 160]]",,TP
45a57476bc5ff4a8,one_person,images/one_person/one_person_audit_006_45a57476bc5ff4a8.jpg,1,landscape,mid,medium,1024,678,short_range,0,[],[],,FN
4445677443b3aa6f,one_person,images/one_person/one_person_audit_007_4445677443b3aa6f.jpg,1,landscape,mid,medium,1024,683,short_range,0,[],[],,FN
3da013e3a4a6ff71,one_person,images/one_person/one_person_audit_008_3da013e3a4a6ff71.jpg,1,portrait,mid,medium,598,1024,short_range,0,[],[],,FN
c49e5114a349e7f3,one_person,images/one_person/one_person_audit_009_c49e5114a349e7f3.jpg,1,landscape,mid,close,1024,678,short_range,0,[],[],,FN
4d60d1c103e49fa4,one_person,images/one_person/one_person_audit_010_4d60d1c103e49fa4.jpg,1,portrait,mid,medium,680,1024,short_range,0,[],[],,FN
a670c7bde1b25fbe,one_person,images/one_person/one_person_audit_011_a670c7bde1b25fbe.jpg,1,portrait,mid,medium,768,1024,short_range,1,[0.5999],"[[314, 234, 164, 164]]",,TP
229e5a503233b470,one_person,images/one_person/one_person_audit_012_229e5a503233b470.jpg,1,landscape,mid,medium,1024,685,short_range,1,[0.6326],"[[427, 153, 132, 132]]",,TP
6c9c687eae7da796,one_person,images/one_person/one_person_audit_013_6c9c687eae7da796.jpg,1,landscape,bright,close,1024,675,short_range,0,[],[],,FN
c54d4b664c668468,one_person,images/one_person/one_person_audit_014_c54d4b664c668468.jpg,1,squareish,mid,close,1024,1024,short_range,0,[],[],,FN
e73194258b729245,one_person,images/one_person/one_person_audit_015_e73194258b729245.jpg,1,squareish,mid,wide,1024,1024,short_range,0,[],[],,FN
822f20d881eebeb9,one_person,images/one_person/one_person_audit_016_822f20d881eebeb9.jpg,1,landscape,mid,medium,1024,768,short_range,1,[0.6241],"[[113, 122, 555, 555]]",,TP
cb9f5591bdbcc137,one_person,images/one_person/one_person_audit_017_cb9f5591bdbcc137.jpg,1,portrait,dark,close,712,1024,short_range,1,[0.7356],"[[424, 108, 175, 175]]",,TP
6ea661a84d5320b5,one_person,images/one_person/one_person_audit_018_6ea661a84d5320b5.jpg,1,landscape,mid,wide,1024,613,short_range,1,[0.9128],"[[375, 140, 178, 178]]",,TP
b5e808fd6164cd50,one_person,images/one_person/one_person_audit_019_b5e808fd6164cd50.jpg,1,landscape,mid,medium,1024,768,short_range,1,[0.8864],"[[413, 140, 186, 186]]",,TP
9509c75655318762,one_person,images/one_person/one_person_audit_020_9509c75655318762.jpg,1,landscape,mid,close,1024,768,short_range,1,[0.7143],"[[598, 177, 126, 126]]",,TP
901494c5d3ac911f,one_person,images/one_person/one_person_audit_021_901494c5d3ac911f.jpg,1,squareish,dark,close,768,768,short_range,1,[0.7583],"[[265, 169, 197, 197]]",,TP
ffe36e4c06a8add6,one_person,images/one_person/one_person_audit_022_ffe36e4c06a8add6.jpg,1,portrait,mid,close,769,1024,short_range,1,[0.9821],"[[254, 121, 193, 193]]",,TP
2bcc5062d0f8e0c1,one_person,images/one_person/one_person_audit_023_2bcc5062d0f8e0c1.jpg,1,landscape,mid,medium,1024,768,short_range,1,[0.596],"[[525, 300, 164, 164]]",,TP
72b1ee7308be7e9c,one_person,images/one_person/one_person_audit_024_72b1ee7308be7e9c.jpg,1,landscape,mid,close,1024,680,short_range,1,[0.8519],"[[341, 135, 137, 137]]",,TP
de3a1770a5080306,one_person,images/one_person/one_person_audit_025_de3a1770a5080306.jpg,1,landscape,mid,close,1024,680,short_range,1,[0.9549],"[[487, 116, 140, 140]]",,TP
964301aa6ffb97c0,one_person,images/one_person/one_person_audit_026_964301aa6ffb97c0.jpg,1,squareish,mid,medium,1024,1024,short_range,0,[],[],,FN
d1a995e53123f606,one_person,images/one_person/one_person_audit_027_d1a995e53123f606.jpg,1,landscape,mid,medium,1024,658,short_range,0,[],[],,FN
d1c01a582bcefb27,one_person,images/one_person/one_person_audit_028_d1c01a582bcefb27.jpg,1,portrait,mid,close,548,1024,short_range,0,[],[],,FN
f54cecf49c0397f5,one_person,images/one_person/one_person_audit_029_f54cecf49c0397f5.jpg,1,landscape,dark,close,1024,683,short_range,1,[0.914],"[[448, 189, 229, 229]]",,TP
e07438cdd4d9165a,one_person,images/one_person/one_person_audit_030_e07438cdd4d9165a.jpg,1,squareish,mid,close,987,1024,short_range,1,[0.9233],"[[265, 402, 373, 373]]",,TP
c15a26c195af52a1,one_person,images/one_person/one_person_audit_031_c15a26c195af52a1.jpg,1,squareish,mid,close,986,1024,short_range,1,[0.931],"[[246, 338, 532, 532]]",,TP
d8499b4715df16c6,one_person,images/one_person/one_person_audit_032_d8499b4715df16c6.jpg,1,portrait,mid,close,768,1024,short_range,1,[0.9711],"[[146, 248, 315, 315]]",,TP
bb47870d8888b573,one_person,images/one_person/one_person_audit_033_bb47870d8888b573.jpg,1,portrait,mid,close,683,1024,short_range,1,[0.9141],"[[252, 246, 328, 328]]",,TP
b1d4c65a05fb7095,one_person,images/one_person/one_person_audit_034_b1d4c65a05fb7095.jpg,1,portrait,mid,close,731,1024,short_range,1,[0.8745],"[[141, 328, 378, 377]]",,TP
863fdfd7501e00a4,one_person,images/one_person/one_person_audit_035_863fdfd7501e00a4.jpg,1,landscape,mid,close,1024,683,short_range,1,[0.9592],"[[331, 178, 393, 393]]",,TP
965ae43e3a57411e,one_person,images/one_person/one_person_audit_036_965ae43e3a57411e.jpg,1,landscape,mid,close,1024,768,short_range,1,[0.9592],"[[402, 235, 271, 271]]",,TP
4ee7201f6d87b151,one_person,images/one_person/one_person_audit_037_4ee7201f6d87b151.jpg,1,portrait,mid,close,685,1024,short_range,1,[0.959],"[[252, 198, 321, 321]]",,TP
be08b7bb9582146e,one_person,images/one_person/one_person_audit_038_be08b7bb9582146e.jpg,1,squareish,mid,close,1024,1024,short_range,1,[0.9146],"[[357, 233, 275, 275]]",,TP
b5951f9b9138f429,one_person,images/one_person/one_person_audit_039_b5951f9b9138f429.jpg,1,squareish,mid,close,1024,1024,short_range,1,[0.9402],"[[191, 306, 565, 565]]",,TP
0572b61a4613221d,multiple_people,images/multiple_people/multiple_people_004_0572b61a4613221d.jpg,2,portrait,mid,crowd,664,1024,short_range,1,[0.6933],"[[371, 73, 148, 148]]",,FN
0621f33daeb9ed28,multiple_people,images/multiple_people/one_person_004_0621f33daeb9ed28.jpg,2,landscape,dark,close,1024,768,short_range,0,[],[],,FN
083ec0ce771f0f9b,multiple_people,images/multiple_people/one_person_006_083ec0ce771f0f9b.jpg,2,landscape,mid,wide,1024,768,short_range,0,[],[],,FN
07080581c9f69bf9,multiple_people,images/multiple_people/multiple_people_007_07080581c9f69bf9.jpg,2,landscape,dark,small_group,1024,685,short_range,0,[],[],,FN
0b07cb2f8452e2eb,multiple_people,images/multiple_people/multiple_people_011_0b07cb2f8452e2eb.jpg,2,portrait,dark,crowd,680,1024,short_range,1,[0.8467],"[[342, 173, 167, 167]]",,FN
0b83e754be780735,multiple_people,images/multiple_people/multiple_people_012_0b83e754be780735.jpg,2,landscape,mid,small_group,1024,678,short_range,0,[],[],,FN
0db22b60fc29dc1a,multiple_people,images/multiple_people/multiple_people_014_0db22b60fc29dc1a.jpg,2,landscape,mid,crowd,1024,768,short_range,0,[],[],,FN
0dbfd1ce7549fb11,multiple_people,images/multiple_people/multiple_people_015_0dbfd1ce7549fb11.jpg,2,landscape,mid,two_people,1024,680,short_range,2,"[0.8581, 0.5366]","[[601, 173, 140, 140], [197, 277, 141, 141]]",,TP
0e879a7e1178f821,multiple_people,images/multiple_people/multiple_people_017_0e879a7e1178f821.jpg,2,landscape,mid,small_group,1024,682,short_range,2,"[0.7771, 0.6997]","[[508, 207, 149, 149], [318, 212, 150, 150]]",,TP
1c115d656965abaa,multiple_people,images/multiple_people/one_person_017_1c115d656965abaa.jpg,2,landscape,mid,close,1024,768,short_range,0,[],[],,FN
1477902b097bdc53,multiple_people,images/multiple_people/multiple_people_022_1477902b097bdc53.jpg,2,landscape,mid,small_group,1024,679,short_range,2,"[0.5223, 0.5064]","[[759, 103, 135, 135], [548, 137, 182, 182]]",,TP
1cbe22ffa7bb9876,multiple_people,images/multiple_people/multiple_people_028_1cbe22ffa7bb9876.jpg,2,landscape,mid,crowd,1024,684,short_range,0,[],[],,FN
1e49c20219d5a8c1,multiple_people,images/multiple_people/multiple_people_029_1e49c20219d5a8c1.jpg,2,landscape,mid,small_group,1024,768,short_range,0,[],[],,FN
237d9e22e1655192,multiple_people,images/multiple_people/multiple_people_031_237d9e22e1655192.jpg,2,squareish,mid,small_group,1024,918,short_range,0,[],[],,FN
2620d58863eb1cea,multiple_people,images/multiple_people/multiple_people_033_2620d58863eb1cea.jpg,2,landscape,mid,small_group,1024,768,short_range,0,[],[],,FN
295a7f2d76bcccb2,multiple_people,images/multiple_people/multiple_people_037_295a7f2d76bcccb2.jpg,2,portrait,mid,small_group,819,1024,short_range,1,[0.5526],"[[462, 276, 134, 134]]",,FN
2db95c7de25d0142,multiple_people,images/multiple_people/multiple_people_040_2db95c7de25d0142.jpg,2,landscape,dark,two_people,1024,683,short_range,0,[],[],,FN
40d7e990368a8098,multiple_people,images/multiple_people/multiple_people_049_40d7e990368a8098.jpg,2,landscape,bright,two_people,1024,731,short_range,0,[],[],,FN
437b7d65a7d34e09,multiple_people,images/multiple_people/multiple_people_050_437b7d65a7d34e09.jpg,2,landscape,mid,crowd,1024,683,short_range,2,"[0.7862, 0.6677]","[[597, 171, 186, 186], [264, 192, 158, 158]]",,TP
457e08528e8c7b1c,multiple_people,images/multiple_people/multiple_people_052_457e08528e8c7b1c.jpg,2,landscape,mid,small_group,1024,576,short_range,0,[],[],,FN
51fc4414247d1a0b,multiple_people,images/multiple_people/one_person_052_51fc4414247d1a0b.jpg,2,portrait,mid,close,768,925,short_range,0,[],[],,FN
47d63673cf5be822,multiple_people,images/multiple_people/multiple_people_054_47d63673cf5be822.jpg,2,landscape,mid,crowd,1024,768,short_range,0,[],[],,FN
4ba66f4945d0fbab,multiple_people,images/multiple_people/multiple_people_058_4ba66f4945d0fbab.jpg,2,landscape,mid,two_people,1024,768,short_range,0,[],[],,FN
4cbde67a16108b62,multiple_people,images/multiple_people/multiple_people_060_4cbde67a16108b62.jpg,2,portrait,mid,two_people,768,1024,short_range,1,[0.592],"[[89, 184, 149, 149]]",,FN
4f9f62662cd767c4,multiple_people,images/multiple_people/multiple_people_062_4f9f62662cd767c4.jpg,2,landscape,mid,crowd,1024,680,short_range,0,[],[],,FN
50f6b814d85de882,multiple_people,images/multiple_people/multiple_people_063_50f6b814d85de882.jpg,2,landscape,mid,two_people,1024,683,short_range,0,[],[],,FN
5287213f5368a583,multiple_people,images/multiple_people/multiple_people_065_5287213f5368a583.jpg,2,portrait,mid,crowd,683,1024,short_range,0,[],[],,FN
53339b6d2e4e4547,multiple_people,images/multiple_people/multiple_people_067_53339b6d2e4e4547.jpg,2,landscape,mid,crowd,1024,680,short_range,0,[],[],,FN
5c0664fa34181d32,multiple_people,images/multiple_people/multiple_people_070_5c0664fa34181d32.jpg,2,portrait,dark,crowd,848,1024,short_range,0,[],[],,FN
626602418d76f821,multiple_people,images/multiple_people/multiple_people_074_626602418d76f821.jpg,2,squareish,mid,crowd,1024,1024,short_range,0,[],[],,FN
62693d8625abb7f3,multiple_people,images/multiple_people/multiple_people_075_62693d8625abb7f3.jpg,2,landscape,dark,crowd,1024,683,short_range,2,"[0.9559, 0.9454]","[[97, 196, 165, 165], [758, 138, 186, 186]]",,TP
65b553591a183347,multiple_people,images/multiple_people/multiple_people_078_65b553591a183347.jpg,2,landscape,bright,small_group,1024,768,short_range,3,"[0.7443, 0.5795, 0.5062]","[[814, 201, 142, 142], [473, 302, 135, 135], [169, 271, 137, 137]]",,TP
6ee0139a7812cb8b,multiple_people,images/multiple_people/multiple_people_084_6ee0139a7812cb8b.jpg,2,landscape,mid,crowd,1024,768,short_range,0,[],[],,FN
713c5f20e58329be,multiple_people,images/multiple_people/multiple_people_086_713c5f20e58329be.jpg,2,portrait,bright,small_group,768,1024,short_range,0,[],[],,FN
8c2c87cfdccab5fc,multiple_people,images/multiple_people/one_person_086_8c2c87cfdccab5fc.jpg,2,squareish,dark,close,1024,1024,short_range,1,[0.5277],"[[437, 317, 510, 510]]",,FN
7ae56b9a673b49cb,multiple_people,images/multiple_people/multiple_people_092_7ae56b9a673b49cb.jpg,2,portrait,mid,small_group,768,1024,short_range,0,[],[],,FN
7c0eb6425d59d816,multiple_people,images/multiple_people/multiple_people_093_7c0eb6425d59d816.jpg,2,landscape,mid,small_group,1024,683,short_range,0,[],[],,FN
80561ee7028278a9,multiple_people,images/multiple_people/multiple_people_094_80561ee7028278a9.jpg,2,landscape,mid,small_group,1024,680,short_range,2,"[0.9071, 0.8504]","[[280, 159, 149, 149], [435, 133, 132, 132]]",,TP
9d3d33e555d4fa68,multiple_people,images/multiple_people/one_person_097_9d3d33e555d4fa68.jpg,2,landscape,mid,close,1024,731,short_range,0,[],[],,FN
82b48c199a4d5a8c,multiple_people,images/multiple_people/multiple_people_098_82b48c199a4d5a8c.jpg,2,landscape,mid,crowd,1024,680,short_range,0,[],[],,FN
a0246a30e2370aba,multiple_people,images/multiple_people/one_person_102_a0246a30e2370aba.jpg,2,landscape,mid,close,1024,635,short_range,0,[],[],,FN
890c0bb9572b493f,multiple_people,images/multiple_people/multiple_people_104_890c0bb9572b493f.jpg,2,landscape,mid,crowd,1024,685,short_range,1,[0.5472],"[[192, 66, 161, 161]]",,FN
8a31201cf13ea47e,multiple_people,images/multiple_people/multiple_people_105_8a31201cf13ea47e.jpg,2,landscape,mid,crowd,892,768,short_range,0,[],[],,FN
8e6ded3a2883d785,multiple_people,images/multiple_people/multiple_people_107_8e6ded3a2883d785.jpg,2,landscape,dark,small_group,1024,671,short_range,0,[],[],,FN
90933aea042430bd,multiple_people,images/multiple_people/multiple_people_110_90933aea042430bd.jpg,2,landscape,mid,small_group,1024,636,short_range,0,[],[],,FN
94a80cb715e4bcf2,multiple_people,images/multiple_people/multiple_people_111_94a80cb715e4bcf2.jpg,2,squareish,mid,crowd,1024,1024,short_range,4,"[0.9469, 0.9058, 0.8119, 0.7732]","[[503, 269, 252, 252], [422, 719, 286, 286], [772, 155, 275, 275], [0, 91, 366, 366]]",,TP
9a26c2d37c6a34f5,multiple_people,images/multiple_people/multiple_people_113_9a26c2d37c6a34f5.jpg,2,landscape,dark,small_group,1024,577,short_range,0,[],[],,FN
a75e2e990e336954,multiple_people,images/multiple_people/multiple_people_120_a75e2e990e336954.jpg,2,landscape,dark,crowd,1024,739,short_range,1,[0.5492],"[[478, 266, 170, 170]]",,FN
aa5782b9a08d297e,multiple_people,images/multiple_people/multiple_people_122_aa5782b9a08d297e.jpg,2,landscape,mid,small_group,1024,683,short_range,1,[0.6189],"[[174, 95, 173, 173]]",,FN
aa8e2b1c612805d3,multiple_people,images/multiple_people/multiple_people_123_aa8e2b1c612805d3.jpg,2,landscape,mid,small_group,1024,683,short_range,0,[],[],,FN
bfa0d85afa35293c,multiple_people,images/multiple_people/one_person_124_bfa0d85afa35293c.jpg,2,landscape,mid,close,1024,593,short_range,0,[],[],,FN
af3fe568cbd885eb,multiple_people,images/multiple_people/multiple_people_126_af3fe568cbd885eb.jpg,2,landscape,mid,crowd,1024,691,short_range,0,[],[],,FN
b085184e48e9ad7f,multiple_people,images/multiple_people/multiple_people_127_b085184e48e9ad7f.jpg,2,portrait,dark,two_people,683,1024,short_range,0,[],[],,FN
b22c9468a5256f13,multiple_people,images/multiple_people/multiple_people_128_b22c9468a5256f13.jpg,2,squareish,mid,small_group,1024,1024,short_range,4,"[0.9698, 0.9219, 0.8883, 0.8632]","[[117, 199, 278, 278], [599, 173, 304, 304], [642, 667, 315, 315], [98, 671, 300, 300]]",,TP
b575b3425b3e427a,multiple_people,images/multiple_people/multiple_people_129_b575b3425b3e427a.jpg,2,landscape,mid,small_group,1024,768,short_range,0,[],[],,FN
bc347b9d1c3e8f85,multiple_people,images/multiple_people/multiple_people_130_bc347b9d1c3e8f85.jpg,2,landscape,mid,crowd,1024,681,short_range,0,[],[],,FN
c9ecf7b1e970a65a,multiple_people,images/multiple_people/one_person_130_c9ecf7b1e970a65a.jpg,2,landscape,mid,close,1024,683,short_range,0,[],[],,FN
c227a42487ad50f6,multiple_people,images/multiple_people/multiple_people_133_c227a42487ad50f6.jpg,2,portrait,mid,crowd,680,1024,short_range,0,[],[],,FN
c6f0bd65f2c04cc8,multiple_people,images/multiple_people/multiple_people_134_c6f0bd65f2c04cc8.jpg,2,landscape,dark,crowd,1024,768,short_range,0,[],[],,FN
c79d35d63d808405,multiple_people,images/multiple_people/multiple_people_135_c79d35d63d808405.jpg,2,landscape,mid,small_group,1024,576,short_range,2,"[0.932, 0.909]","[[273, 89, 414, 414], [0, 108, 300, 300]]",,TP
c99694537caf6f6c,multiple_people,images/multiple_people/multiple_people_137_c99694537caf6f6c.jpg,2,landscape,dark,two_people,1024,535,short_range,0,[],[],,FN
cc413a5d89c5d8e6,multiple_people,images/multiple_people/multiple_people_138_cc413a5d89c5d8e6.jpg,2,portrait,mid,crowd,768,1024,short_range,0,[],[],,FN
dc1b027d1e2bd25c,multiple_people,images/multiple_people/multiple_people_148_dc1b027d1e2bd25c.jpg,2,portrait,mid,crowd,819,1024,short_range,0,[],[],,FN
dcca601658f79352,multiple_people,images/multiple_people/multiple_people_149_dcca601658f79352.jpg,2,portrait,mid,small_group,768,1024,short_range,0,[],[],,FN
dfd2423518569f4f,multiple_people,images/multiple_people/multiple_people_151_dfd2423518569f4f.jpg,2,landscape,dark,crowd,1024,682,short_range,0,[],[],,FN
e0ce7226fab905fc,multiple_people,images/multiple_people/multiple_people_152_e0ce7226fab905fc.jpg,2,portrait,mid,small_group,690,1024,short_range,0,[],[],,FN
e1be337cbe35181f,multiple_people,images/multiple_people/multiple_people_155_e1be337cbe35181f.jpg,2,landscape,mid,small_group,1024,680,short_range,0,[],[],,FN
e74a86607d2d93ca,multiple_people,images/multiple_people/multiple_people_160_e74a86607d2d93ca.jpg,2,landscape,dark,two_people,1024,683,short_range,1,[0.8002],"[[741, 191, 176, 176]]",,FN
e96e29141cab0bc6,multiple_people,images/multiple_people/multiple_people_161_e96e29141cab0bc6.jpg,2,landscape,dark,two_people,1024,683,short_range,2,"[0.7248, 0.6961]","[[257, 273, 159, 159], [644, 281, 148, 148]]",,TP
f6348d5f1f9494b4,multiple_people,images/multiple_people/multiple_people_163_f6348d5f1f9494b4.jpg,2,landscape,dark,crowd,1024,683,short_range,0,[],[],,FN
f6b22bc7609a0d76,multiple_people,images/multiple_people/multiple_people_164_f6b22bc7609a0d76.jpg,2,landscape,mid,two_people,1024,685,short_range,2,"[0.9043, 0.8444]","[[822, 484, 149, 149], [119, 243, 151, 151]]",,TP
3ec724375056fed7,multiple_people,images/multiple_people/multiple_people_168_3ec724375056fed7.jpg,2,landscape,mid,two_people,1024,707,short_range,0,[],[],,FN
d819685832a0e19b,multiple_people,images/multiple_people/multiple_people_audit_001_d819685832a0e19b.jpg,2,landscape,mid,two_people,1024,683,short_range,0,[],[],,FN
62abaccc5fe7a452,multiple_people,images/multiple_people/multiple_people_audit_002_62abaccc5fe7a452.jpg,2,landscape,dark,two_people,1024,768,short_range,0,[],[],,FN
12b999f7e3b75de1,multiple_people,images/multiple_people/multiple_people_audit_003_12b999f7e3b75de1.jpg,2,landscape,mid,two_people,1024,768,short_range,0,[],[],,FN
0671f11d8258d167,multiple_people,images/multiple_people/multiple_people_audit_004_0671f11d8258d167.jpg,2,landscape,mid,small_group,1024,704,short_range,0,[],[],,FN
bf5d9fdef70c9334,multiple_people,images/multiple_people/multiple_people_audit_005_bf5d9fdef70c9334.jpg,2,landscape,mid,small_group,1024,740,short_range,0,[],[],,FN
066571234281ca95,multiple_people,images/multiple_people/multiple_people_audit_006_066571234281ca95.jpg,2,landscape,mid,small_group,1024,666,short_range,0,[],[],,FN
416573cfa754789f,multiple_people,images/multiple_people/multiple_people_audit_007_416573cfa754789f.jpg,2,landscape,mid,small_group,1024,766,short_range,0,[],[],,FN
7efe316eff8c93b1,multiple_people,images/multiple_people/multiple_people_audit_008_7efe316eff8c93b1.jpg,2,portrait,dark,two_people,768,1024,short_range,1,[0.5251],"[[284, 209, 207, 207]]",,FN
5c9645ab78b0c0b4,multiple_people,images/multiple_people/multiple_people_audit_009_5c9645ab78b0c0b4.jpg,2,landscape,mid,crowd,1024,680,short_range,0,[],[],,FN
711f4bda960e3983,multiple_people,images/multiple_people/multiple_people_audit_010_711f4bda960e3983.jpg,2,portrait,mid,two_people,683,1024,short_range,0,[],[],,FN
b82be70bdaac5199,multiple_people,images/multiple_people/multiple_people_audit_011_b82be70bdaac5199.jpg,2,landscape,bright,two_people,1024,692,short_range,1,[0.531],"[[419, 94, 145, 145]]",,FN
39511f7a57d98423,multiple_people,images/multiple_people/multiple_people_audit_012_39511f7a57d98423.jpg,2,landscape,mid,two_people,1024,686,short_range,0,[],[],,FN
24ecee17e7b53fab,multiple_people,images/multiple_people/multiple_people_audit_013_24ecee17e7b53fab.jpg,2,landscape,dark,two_people,1024,680,short_range,2,"[0.7415, 0.6157]","[[672, 185, 159, 159], [206, 198, 122, 122]]",,TP
ca11ed43e49ca797,multiple_people,images/multiple_people/multiple_people_audit_014_ca11ed43e49ca797.jpg,2,portrait,mid,two_people,683,1024,short_range,0,[],[],,FN
c52a410e3231122b,multiple_people,images/multiple_people/multiple_people_audit_015_c52a410e3231122b.jpg,2,landscape,mid,two_people,1024,729,short_range,2,"[0.8935, 0.8146]","[[611, 84, 147, 147], [185, 236, 147, 147]]",,TP
0d16c88ec322340f,multiple_people,images/multiple_people/multiple_people_audit_016_0d16c88ec322340f.jpg,2,landscape,mid,two_people,1024,682,short_range,1,[0.8886],"[[512, 113, 161, 161]]",,FN
01fe16fca259a75a,multiple_people,images/multiple_people/multiple_people_audit_017_01fe16fca259a75a.jpg,2,landscape,mid,two_people,1024,769,short_range,2,"[0.9241, 0.7527]","[[605, 123, 150, 150], [230, 103, 155, 155]]",,TP
25b4dd6102799d9e,multiple_people,images/multiple_people/multiple_people_audit_018_25b4dd6102799d9e.jpg,2,landscape,dark,two_people,1024,768,short_range,2,"[0.8633, 0.8303]","[[264, 214, 162, 162], [553, 158, 142, 142]]",,TP
450dc8db3bfee2c9,multiple_people,images/multiple_people/multiple_people_audit_019_450dc8db3bfee2c9.jpg,2,landscape,mid,two_people,1024,730,short_range,2,"[0.9633, 0.9517]","[[719, 136, 160, 160], [114, 134, 171, 171]]",,TP
09ee689a9abeb390,multiple_people,images/multiple_people/multiple_people_audit_020_09ee689a9abeb390.jpg,2,landscape,mid,small_group,1024,680,short_range,0,[],[],,FN
82ce67eff0dad8f0,multiple_people,images/multiple_people/multiple_people_audit_021_82ce67eff0dad8f0.jpg,2,landscape,mid,two_people,1024,768,short_range,1,[0.7486],"[[28, 286, 135, 135]]",,FN
60e96ffa25d1eece,multiple_people,images/multiple_people/multiple_people_audit_022_60e96ffa25d1eece.jpg,2,portrait,mid,two_people,683,1024,short_range,0,[],[],,FN
7484adc5ee36ff13,multiple_people,images/multiple_people/multiple_people_audit_023_7484adc5ee36ff13.jpg,2,landscape,mid,two_people,1024,768,short_range,2,"[0.8151, 0.5492]","[[706, 64, 149, 149], [885, 212, 158, 158]]",,TP
7782d6a1c97a18d4,multiple_people,images/multiple_people/multiple_people_audit_024_7782d6a1c97a18d4.jpg,2,landscape,mid,small_group,1024,768,short_range,1,[0.5393],"[[685, 193, 135, 135]]",,FN
dd8a7bf210628fd7,multiple_people,images/multiple_people/multiple_people_audit_025_dd8a7bf210628fd7.jpg,2,landscape,mid,two_people,1024,682,short_range,2,"[0.8484, 0.7512]","[[708, 311, 133, 133], [298, 103, 163, 163]]",,TP
1e3791a88b656c6a,multiple_people,images/multiple_people/multiple_people_audit_026_1e3791a88b656c6a.jpg,2,squareish,dark,two_people,1003,1024,short_range,0,[],[],,FN
7fc7957c278a66c0,multiple_people,images/multiple_people/multiple_people_audit_027_7fc7957c278a66c0.jpg,2,landscape,mid,two_people,1024,683,short_range,1,[0.7923],"[[186, 157, 141, 141]]",,FN
7bdca6c47132bda1,multiple_people,images/multiple_people/multiple_people_audit_028_7bdca6c47132bda1.jpg,2,landscape,dark,small_group,1024,680,short_range,0,[],[],,FN
46b1e160e19f7080,multiple_people,images/multiple_people/multiple_people_audit_029_46b1e160e19f7080.jpg,2,landscape,mid,two_people,1024,678,short_range,2,"[0.8826, 0.6897]","[[275, 143, 139, 139], [608, 88, 152, 152]]",,TP
e53516fe572e80cc,multiple_people,images/multiple_people/multiple_people_audit_030_e53516fe572e80cc.jpg,2,landscape,mid,small_group,1024,683,short_range,2,"[0.7733, 0.7514]","[[727, 16, 152, 152], [175, 80, 154, 154]]",,TP
1b8d52cb603f71ad,multiple_people,images/multiple_people/multiple_people_audit_031_1b8d52cb603f71ad.jpg,2,landscape,mid,two_people,1024,687,short_range,2,"[0.9075, 0.9007]","[[190, 186, 169, 169], [523, 60, 156, 156]]",,TP
363fbcd9d3492c8f,multiple_people,images/multiple_people/multiple_people_audit_032_363fbcd9d3492c8f.jpg,2,landscape,mid,two_people,1024,680,short_range,2,"[0.907, 0.9058]","[[70, 77, 152, 152], [484, 213, 326, 326]]",,TP
b8d6dcbc1ee43a28,multiple_people,images/multiple_people/multiple_people_audit_033_b8d6dcbc1ee43a28.jpg,2,landscape,mid,two_people,1024,787,short_range,2,"[0.9439, 0.9034]","[[385, 200, 208, 208], [562, 267, 197, 197]]",,TP
faec5f5baaf27846,multiple_people,images/multiple_people/multiple_people_audit_034_faec5f5baaf27846.jpg,2,portrait,dark,two_people,683,1024,short_range,1,[0.8502],"[[91, 219, 203, 203]]",,FN
94ead8b6d52b5942,multiple_people,images/multiple_people/multiple_people_audit_035_94ead8b6d52b5942.jpg,2,landscape,mid,two_people,1024,685,short_range,2,"[0.7395, 0.5705]","[[289, 250, 171, 171], [611, 212, 244, 244]]",,TP
1820959df8c1fe35,multiple_people,images/multiple_people/multiple_people_audit_036_1820959df8c1fe35.jpg,2,landscape,mid,two_people,1024,887,short_range,2,"[0.9293, 0.9178]","[[564, 256, 215, 215], [327, 124, 226, 226]]",,TP
aba0f9495aacd498,multiple_people,images/multiple_people/multiple_people_audit_037_aba0f9495aacd498.jpg,2,squareish,bright,two_people,959,1024,short_range,1,[0.754],"[[281, 152, 192, 192]]",,FN
c62d2fb45dceca49,multiple_people,images/multiple_people/multiple_people_audit_038_c62d2fb45dceca49.jpg,2,landscape,mid,two_people,1024,774,short_range,2,"[0.9035, 0.858]","[[532, 169, 243, 243], [223, 355, 240, 240]]",,TP
9db652b99ba0d220,multiple_people,images/multiple_people/multiple_people_audit_039_9db652b99ba0d220.jpg,2,landscape,mid,two_people,1024,768,short_range,2,"[0.9445, 0.9208]","[[676, 387, 175, 175], [427, 297, 229, 229]]",,TP
c4c2bb0181ff7fb9,multiple_people,images/multiple_people/multiple_people_audit_040_c4c2bb0181ff7fb9.jpg,2,landscape,mid,two_people,1024,683,short_range,2,"[0.9786, 0.9533]","[[319, 163, 153, 153], [596, 140, 201, 201]]",,TP
be4a4a70aa7cc256,multiple_people,images/multiple_people/multiple_people_audit_041_be4a4a70aa7cc256.jpg,2,landscape,mid,two_people,1024,681,short_range,2,"[0.9348, 0.9302]","[[114, 206, 427, 426], [505, 255, 412, 412]]",,TP
38b338a4660dfb4e,multiple_people,images/multiple_people/multiple_people_audit_042_38b338a4660dfb4e.jpg,2,portrait,mid,two_people,768,960,short_range,2,"[0.962, 0.9386]","[[341, 293, 283, 283], [99, 347, 266, 266]]",,TP
1936cb06da9b15cc,multiple_people,images/multiple_people/multiple_people_audit_043_1936cb06da9b15cc.jpg,2,portrait,mid,two_people,815,1024,short_range,2,"[0.9321, 0.9109]","[[20, 257, 191, 191], [494, 370, 279, 279]]",,TP
0b05d537aac2b09a,multiple_people,images/multiple_people/multiple_people_audit_044_0b05d537aac2b09a.jpg,2,landscape,mid,two_people,1024,681,short_range,2,"[0.9385, 0.9158]","[[484, 179, 236, 236], [182, 188, 185, 185]]",,TP
