"image_id","people"
"few_people_001_post193238","[{""face_label"":""face_01"",""bbox_xyxy"":[582,54,714,250],""person_name"":""unknown""},{""face_label"":""face_02"",""bbox_xyxy"":[77,74,215,265],""person_name"":""unknown""}]"
"few_people_002_post165940","[{""face_label"":""face_01"",""bbox_xyxy"":[191,65,219,97],""person_name"":""unknown""},{""face_label"":""face_02"",""bbox_xyxy"":[282,41,315,78],""person_name"":""unknown""}]"
"few_people_003_post165259","[{""face_label"":""face_01"",""bbox_xyxy"":[303,245,342,275],""person_name"":""unknown""},{""face_label"":""face_02"",""bbox_xyxy"":[89,88,120,147],""person_name"":""unknown""}]"
"few_people_004_post152863","[{""face_label"":""face_01"",""bbox_xyxy"":[303,208,348,280],""person_name"":""מירב כהן""},{""face_label"":""face_02"",""bbox_xyxy"":[227,214,275,280],""person_name"":""נפתלי בנט""},{""face_label"":""face_03"",""bbox_xyxy"":[288,215,312,258],""person_name"":""unknown""}]"
"few_people_005_post132599_f552","[{""face_label"":""face_01"",""bbox_xyxy"":[856,144,954,279],""person_name"":""בנימין נתניהו""},{""face_label"":""face_02"",""bbox_xyxy"":[360,88,440,213],""person_name"":""unknown""}]"
"few_people_006_post132599_f190","[{""face_label"":""face_01"",""bbox_xyxy"":[493,159,587,278],""person_name"":""unknown""},{""face_label"":""face_02"",""bbox_xyxy"":[880,110,996,280],""person_name"":""unknown""},{""face_label"":""face_03"",""bbox_xyxy"":[373,191,494,361],""person_name"":""בנימין נתניהו""}]"
"few_people_007_post185971","[{""face_label"":""face_01"",""bbox_xyxy"":[203,277,303,397],""person_name"":""unknown""},{""face_label"":""face_02"",""bbox_xyxy"":[296,307,387,423],""person_name"":""unknown""},{""face_label"":""face_03"",""bbox_xyxy"":[419,387,456,429],""person_name"":""unknown""},{""face_label"":""face_04"",""bbox_xyxy"":[477,349,507,416],""person_name"":""unknown""}]"
"few_people_008_post189257","[{""face_label"":""face_01"",""bbox_xyxy"":[255,194,291,236],""person_name"":""unknown""},{""face_label"":""face_02"",""bbox_xyxy"":[415,161,449,209],""person_name"":""unknown""},{""face_label"":""face_03"",""bbox_xyxy"":[388,170,417,209],""person_name"":""unknown""}]"
"few_people_009_post161601_f2503","[{""face_label"":""face_01"",""bbox_xyxy"":[114,238,228,376],""person_name"":""unknown""},{""face_label"":""face_02"",""bbox_xyxy"":[597,304,812,601],""person_name"":""unknown""},{""face_label"":""face_03"",""bbox_xyxy"":[880,134,1181,506],""person_name"":""עופר כסיף""}]"
"few_people_012_post182894","[{""face_label"":""face_01"",""bbox_xyxy"":[448,353,529,472],""person_name"":""unknown""},{""face_label"":""face_02"",""bbox_xyxy"":[118,361,200,476],""person_name"":""יאיר גולן""}]"
"few_people_013_post153255","[{""face_label"":""face_01"",""bbox_xyxy"":[112,477,212,606],""person_name"":""unknown""},{""face_label"":""face_02"",""bbox_xyxy"":[260,478,385,655],""person_name"":""עידית סילמן""}]"
"few_people_014_post183325_f584","[{""face_label"":""face_01"",""bbox_xyxy"":[415,664,680,1007],""person_name"":""איתמר בן גביר""},{""face_label"":""face_02"",""bbox_xyxy"":[78,633,306,939],""person_name"":""יצחק קרויזר""}]"
"few_people_015_post183325_f119","[{""face_label"":""face_01"",""bbox_xyxy"":[29,485,88,551],""person_name"":""unknown""},{""face_label"":""face_02"",""bbox_xyxy"":[373,547,448,638],""person_name"":""unknown""},{""face_label"":""face_03"",""bbox_xyxy"":[444,430,530,565],""person_name"":""יצחק קרויזר""},{""face_label"":""face_04"",""bbox_xyxy"":[430,660,511,805],""person_name"":""unknown""},{""face_label"":""face_05"",""bbox_xyxy"":[207,523,276,614],""person_name"":""unknown""}]"
"few_people_016_post130820","[{""face_label"":""face_01"",""bbox_xyxy"":[327,158,346,184],""person_name"":""unknown""},{""face_label"":""face_02"",""bbox_xyxy"":[145,170,169,201],""person_name"":""unknown""},{""face_label"":""face_03"",""bbox_xyxy"":[241,151,258,171],""person_name"":""unknown""},{""face_label"":""face_04"",""bbox_xyxy"":[167,139,182,158],""person_name"":""unknown""},{""face_label"":""face_05"",""bbox_xyxy"":[250,176,270,202],""person_name"":""unknown""},{""face_label"":""face_06"",""bbox_xyxy"":[81,141,105,188],""person_name"":""unknown""},{""face_label"":""face_07"",""bbox_xyxy"":[425,168,445,192],""person_name"":""unknown""},{""face_label"":""face_08"",""bbox_xyxy"":[369,154,384,181],""person_name"":""unknown""}]"
"few_people_017_post169192","[{""face_label"":""face_01"",""bbox_xyxy"":[224,42,270,101],""person_name"":""זאב אלקין""},{""face_label"":""face_02"",""bbox_xyxy"":[4,22,72,99],""person_name"":""דוד ביטן""},{""face_label"":""face_03"",""bbox_xyxy"":[126,-12,183,70],""person_name"":""אמיר אוחנה""},{""face_label"":""face_04"",""bbox_xyxy"":[323,-21,358,27],""person_name"":""unknown""}]"
"few_people_018_post185657","[{""face_label"":""face_01"",""bbox_xyxy"":[94,161,219,342],""person_name"":""בנימין נתניהו""},{""face_label"":""face_02"",""bbox_xyxy"":[291,141,414,301],""person_name"":""עופר וינטר""}]"
"few_people_019_post169606","[{""face_label"":""face_01"",""bbox_xyxy"":[546,401,683,583],""person_name"":""unknown""},{""face_label"":""face_02"",""bbox_xyxy"":[188,482,338,698],""person_name"":""גלעד ארדן""}]"
"few_people_020_post164604","[{""face_label"":""face_01"",""bbox_xyxy"":[333,180,415,307],""person_name"":""מירי רגב""},{""face_label"":""face_02"",""bbox_xyxy"":[385,137,494,275],""person_name"":""בנימין נתניהו""}]"
"few_people_021_post180410_f1236","[{""face_label"":""face_01"",""bbox_xyxy"":[227,163,464,470],""person_name"":""עמית הלוי""},{""face_label"":""face_02"",""bbox_xyxy"":[278,782,434,999],""person_name"":""unknown""}]"
"few_people_022_post156821_f188","[{""face_label"":""face_01"",""bbox_xyxy"":[130,522,180,580],""person_name"":""unknown""},{""face_label"":""face_02"",""bbox_xyxy"":[392,385,438,447],""person_name"":""unknown""},{""face_label"":""face_03"",""bbox_xyxy"":[21,401,53,444],""person_name"":""unknown""}]"
"few_people_023_post159910","[{""face_label"":""face_01"",""bbox_xyxy"":[214,198,233,224],""person_name"":""unknown""},{""face_label"":""face_02"",""bbox_xyxy"":[251,267,302,334],""person_name"":""unknown""},{""face_label"":""face_03"",""bbox_xyxy"":[256,181,274,207],""person_name"":""unknown""},{""face_label"":""face_04"",""bbox_xyxy"":[476,318,494,338],""person_name"":""unknown""},{""face_label"":""face_05"",""bbox_xyxy"":[232,273,265,326],""person_name"":""unknown""}]"
"few_people_024_post183061_f376","[{""face_label"":""face_01"",""bbox_xyxy"":[351,165,531,422],""person_name"":""unknown""},{""face_label"":""face_02"",""bbox_xyxy"":[509,41,588,137],""person_name"":""unknown""},{""face_label"":""face_03"",""bbox_xyxy"":[-21,500,377,1078],""person_name"":""unknown""}]"
"few_people_025_post183061_f563","[{""face_label"":""face_01"",""bbox_xyxy"":[563,351,671,506],""person_name"":""unknown""},{""face_label"":""face_02"",""bbox_xyxy"":[159,372,276,514],""person_name"":""unknown""}]"
"few_people_026_post183061_f127","[{""face_label"":""face_01"",""bbox_xyxy"":[257,271,442,533],""person_name"":""גדי איזנקוט""},{""face_label"":""face_02"",""bbox_xyxy"":[596,352,691,521],""person_name"":""unknown""}]"
"few_people_027_post175014","[{""face_label"":""face_01"",""bbox_xyxy"":[163,363,228,452],""person_name"":""unknown""},{""face_label"":""face_02"",""bbox_xyxy"":[69,297,147,408],""person_name"":""unknown""},{""face_label"":""face_03"",""bbox_xyxy"":[-23,346,49,446],""person_name"":""unknown""},{""face_label"":""face_04"",""bbox_xyxy"":[381,344,450,455],""person_name"":""unknown""},{""face_label"":""face_05"",""bbox_xyxy"":[263,337,343,445],""person_name"":""unknown""},{""face_label"":""face_06"",""bbox_xyxy"":[469,349,511,470],""person_name"":""unknown""}]"
"few_people_028_post145140_f995","[{""face_label"":""face_01"",""bbox_xyxy"":[252,438,353,572],""person_name"":""קטי שטרית""},{""face_label"":""face_02"",""bbox_xyxy"":[78,880,145,966],""person_name"":""קטי שטרית""}]"
"few_people_029_post145140_f129","[{""face_label"":""face_01"",""bbox_xyxy"":[79,877,146,966],""person_name"":""קטי שטרית""},{""face_label"":""face_02"",""bbox_xyxy"":[460,396,527,497],""person_name"":""unknown""},{""face_label"":""face_03"",""bbox_xyxy"":[29,429,96,514],""person_name"":""קטי שטרית""}]"
"few_people_030_post145140_f377","[{""face_label"":""face_01"",""bbox_xyxy"":[264,428,343,536],""person_name"":""קטי שטרית""},{""face_label"":""face_02"",""bbox_xyxy"":[79,877,145,966],""person_name"":""קטי שטרית""}]"
"few_people_031_post166680_f363","[{""face_label"":""face_01"",""bbox_xyxy"":[511,307,575,414],""person_name"":""unknown""},{""face_label"":""face_02"",""bbox_xyxy"":[276,286,385,466],""person_name"":""טלי גוטליב""}]"
"few_people_032_post166680_f483","[{""face_label"":""face_01"",""bbox_xyxy"":[416,328,544,525],""person_name"":""טלי גוטליב""},{""face_label"":""face_02"",""bbox_xyxy"":[-81,246,100,514],""person_name"":""אושר שקלים""},{""face_label"":""face_03"",""bbox_xyxy"":[520,335,575,433],""person_name"":""unknown""}]"
"few_people_033_post188896","[{""face_label"":""face_01"",""bbox_xyxy"":[178,61,301,232],""person_name"":""איתמר בן גביר""},{""face_label"":""face_02"",""bbox_xyxy"":[-3,55,81,160],""person_name"":""unknown""},{""face_label"":""face_03"",""bbox_xyxy"":[341,49,426,159],""person_name"":""unknown""}]"
"few_people_034_post135503","[{""face_label"":""face_01"",""bbox_xyxy"":[167,282,233,388],""person_name"":""שלמה קרעי""},{""face_label"":""face_02"",""bbox_xyxy"":[346,573,415,657],""person_name"":""אושר שקלים""},{""face_label"":""face_03"",""bbox_xyxy"":[507,555,568,634],""person_name"":""יריב לוין""}]"
"few_people_035_post134257","[{""face_label"":""face_01"",""bbox_xyxy"":[284,88,379,230],""person_name"":""unknown""},{""face_label"":""face_02"",""bbox_xyxy"":[109,46,213,196],""person_name"":""unknown""}]"
"few_people_036_post171333","[{""face_label"":""face_01"",""bbox_xyxy"":[321,339,351,380],""person_name"":""unknown""},{""face_label"":""face_02"",""bbox_xyxy"":[200,341,230,380],""person_name"":""unknown""},{""face_label"":""face_03"",""bbox_xyxy"":[263,327,285,354],""person_name"":""unknown""},{""face_label"":""face_04"",""bbox_xyxy"":[97,350,123,387],""person_name"":""unknown""},{""face_label"":""face_05"",""bbox_xyxy"":[179,305,201,334],""person_name"":""unknown""},{""face_label"":""face_06"",""bbox_xyxy"":[417,353,444,389],""person_name"":""unknown""},{""face_label"":""face_07"",""bbox_xyxy"":[-3,358,23,395],""person_name"":""unknown""},{""face_label"":""face_08"",""bbox_xyxy"":[431,309,455,339],""person_name"":""unknown""},{""face_label"":""face_09"",""bbox_xyxy"":[103,300,125,327],""person_name"":""unknown""},{""face_label"":""face_10"",""bbox_xyxy"":[341,319,362,346],""person_name"":""unknown""},{""face_label"":""face_11"",""bbox_xyxy"":[68,295,87,318],""person_name"":""unknown""},{""face_label"":""face_12"",""bbox_xyxy"":[259,243,271,257],""person_name"":""unknown""},{""face_label"":""face_13"",""bbox_xyxy"":[306,255,317,268],""person_name"":""unknown""},{""face_label"":""face_14"",""bbox_xyxy"":[224,264,237,279],""person_name"":""unknown""},{""face_label"":""face_15"",""bbox_xyxy"":[206,262,218,276],""person_name"":""unknown""},{""face_label"":""face_16"",""bbox_xyxy"":[12,278,26,296],""person_name"":""unknown""},{""face_label"":""face_17"",""bbox_xyxy"":[217,250,227,263],""person_name"":""unknown""},{""face_label"":""face_18"",""bbox_xyxy"":[220,284,234,302],""person_name"":""unknown""},{""face_label"":""face_19"",""bbox_xyxy"":[63,269,75,285],""person_name"":""unknown""},{""face_label"":""face_20"",""bbox_xyxy"":[292,248,301,258],""person_name"":""unknown""},{""face_label"":""face_21"",""bbox_xyxy"":[184,283,199,300],""person_name"":""unknown""},{""face_label"":""face_22"",""bbox_xyxy"":[-2,302,11,321],""person_name"":""unknown""},{""face_label"":""face_23"",""bbox_xyxy"":[159,259,170,272],""person_name"":""unknown""},{""face_label"":""face_24"",""bbox_xyxy"":[144,263,154,276],""person_name"":""unknown""},{""face_label"":""face_25"",""bbox_xyxy"":[15,305,26,320],""person_name"":""unknown""},{""face_label"":""face_26"",""bbox_xyxy"":[339,248,348,258],""person_name"":""unknown""},{""face_label"":""face_27"",""bbox_xyxy"":[181,270,190,281],""person_name"":""unknown""},{""face_label"":""face_28"",""bbox_xyxy"":[476,213,485,224],""person_name"":""unknown""},{""face_label"":""face_29"",""bbox_xyxy"":[43,250,52,260],""person_name"":""unknown""},{""face_label"":""face_30"",""bbox_xyxy"":[142,281,156,295],""person_name"":""unknown""},{""face_label"":""face_31"",""bbox_xyxy"":[353,246,364,257],""person_name"":""unknown""},{""face_label"":""face_32"",""bbox_xyxy"":[145,243,153,254],""person_name"":""unknown""},{""face_label"":""face_33"",""bbox_xyxy"":[498,267,507,279],""person_name"":""unknown""},{""face_label"":""face_34"",""bbox_xyxy"":[111,283,126,301],""person_name"":""unknown""},{""face_label"":""face_35"",""bbox_xyxy"":[79,254,90,267],""person_name"":""unknown""},{""face_label"":""face_36"",""bbox_xyxy"":[120,240,128,250],""person_name"":""unknown""},{""face_label"":""face_37"",""bbox_xyxy"":[454,301,470,319],""person_name"":""unknown""},{""face_label"":""face_38"",""bbox_xyxy"":[320,243,328,253],""person_name"":""unknown""},{""face_label"":""face_39"",""bbox_xyxy"":[366,239,376,250],""person_name"":""unknown""},{""face_label"":""face_40"",""bbox_xyxy"":[407,282,420,301],""person_name"":""unknown""}]"
"few_people_037_post138085_f639","[{""face_label"":""face_01"",""bbox_xyxy"":[376,391,440,470],""person_name"":""unknown""},{""face_label"":""face_02"",""bbox_xyxy"":[240,248,341,404],""person_name"":""unknown""}]"
"few_people_038_post150799","[{""face_label"":""face_01"",""bbox_xyxy"":[103,67,195,196],""person_name"":""unknown""},{""face_label"":""face_02"",""bbox_xyxy"":[326,72,391,130],""person_name"":""unknown""}]"
"few_people_039_post176028","[{""face_label"":""face_01"",""bbox_xyxy"":[217,335,565,826],""person_name"":""unknown""},{""face_label"":""face_02"",""bbox_xyxy"":[840,55,900,142],""person_name"":""unknown""}]"
"few_people_040_post173694","[{""face_label"":""face_01"",""bbox_xyxy"":[392,37,469,143],""person_name"":""מירי רגב""},{""face_label"":""face_02"",""bbox_xyxy"":[446,874,481,924],""person_name"":""unknown""},{""face_label"":""face_03"",""bbox_xyxy"":[145,995,205,1057],""person_name"":""unknown""},{""face_label"":""face_04"",""bbox_xyxy"":[1152,766,1177,792],""person_name"":""unknown""},{""face_label"":""face_05"",""bbox_xyxy"":[970,730,986,751],""person_name"":""unknown""},{""face_label"":""face_06"",""bbox_xyxy"":[300,853,327,888],""person_name"":""unknown""}]"
"few_people_041_post149053_f2922","[{""face_label"":""face_01"",""bbox_xyxy"":[1469,281,1623,508],""person_name"":""unknown""},{""face_label"":""face_02"",""bbox_xyxy"":[1626,876,1728,1002],""person_name"":""unknown""},{""face_label"":""face_03"",""bbox_xyxy"":[581,252,687,386],""person_name"":""unknown""}]"
"few_people_042_post149053_f595","[{""face_label"":""face_01"",""bbox_xyxy"":[1626,875,1728,1003],""person_name"":""unknown""},{""face_label"":""face_02"",""bbox_xyxy"":[959,166,1196,505],""person_name"":""unknown""}]"
"few_people_043_post132906","[{""face_label"":""face_01"",""bbox_xyxy"":[559,104,703,321],""person_name"":""unknown""},{""face_label"":""face_02"",""bbox_xyxy"":[240,34,274,80],""person_name"":""unknown""}]"
"few_people_046_post176709","[{""face_label"":""face_01"",""bbox_xyxy"":[384,125,433,199],""person_name"":""unknown""},{""face_label"":""face_02"",""bbox_xyxy"":[245,86,300,160],""person_name"":""unknown""},{""face_label"":""face_03"",""bbox_xyxy"":[431,142,479,204],""person_name"":""unknown""},{""face_label"":""face_04"",""bbox_xyxy"":[128,160,161,199],""person_name"":""unknown""}]"
"few_people_047_post188500_f457","[{""face_label"":""face_01"",""bbox_xyxy"":[267,43,523,405],""person_name"":""נעמה לזימי""},{""face_label"":""face_02"",""bbox_xyxy"":[500,669,723,1094],""person_name"":""unknown""}]"
"few_people_048_post191092_f1478","[{""face_label"":""face_01"",""bbox_xyxy"":[460,204,550,321],""person_name"":""unknown""},{""face_label"":""face_02"",""bbox_xyxy"":[168,36,226,109],""person_name"":""unknown""}]"
"few_people_049_post178782_f339","[{""face_label"":""face_01"",""bbox_xyxy"":[389,620,429,666],""person_name"":""unknown""},{""face_label"":""face_02"",""bbox_xyxy"":[17,610,47,650],""person_name"":""unknown""},{""face_label"":""face_03"",""bbox_xyxy"":[588,631,619,675],""person_name"":""unknown""},{""face_label"":""face_04"",""bbox_xyxy"":[223,591,247,626],""person_name"":""unknown""},{""face_label"":""face_05"",""bbox_xyxy"":[125,623,156,657],""person_name"":""unknown""}]"
"few_people_050_post178782_f506","[{""face_label"":""face_01"",""bbox_xyxy"":[481,483,529,545],""person_name"":""unknown""},{""face_label"":""face_02"",""bbox_xyxy"":[284,500,334,567],""person_name"":""unknown""}]"
"few_people_052_post161945","[{""face_label"":""face_01"",""bbox_xyxy"":[196,149,303,291],""person_name"":""unknown""},{""face_label"":""face_02"",""bbox_xyxy"":[86,149,191,285],""person_name"":""unknown""}]"
"few_people_053_post144668","[{""face_label"":""face_01"",""bbox_xyxy"":[605,96,706,255],""person_name"":""משה פסל""},{""face_label"":""face_02"",""bbox_xyxy"":[871,897,897,934],""person_name"":""unknown""},{""face_label"":""face_03"",""bbox_xyxy"":[828,791,851,825],""person_name"":""unknown""},{""face_label"":""face_04"",""bbox_xyxy"":[575,1019,598,1049],""person_name"":""unknown""},{""face_label"":""face_05"",""bbox_xyxy"":[346,916,376,955],""person_name"":""unknown""},{""face_label"":""face_06"",""bbox_xyxy"":[627,861,647,886],""person_name"":""unknown""}]"
"few_people_054_post142282","[{""face_label"":""face_01"",""bbox_xyxy"":[775,917,850,1022],""person_name"":""unknown""},{""face_label"":""face_02"",""bbox_xyxy"":[439,898,511,1010],""person_name"":""unknown""}]"
"few_people_055_post129735","[{""face_label"":""face_01"",""bbox_xyxy"":[151,133,204,203],""person_name"":""unknown""},{""face_label"":""face_02"",""bbox_xyxy"":[10,146,54,206],""person_name"":""unknown""},{""face_label"":""face_03"",""bbox_xyxy"":[249,81,310,185],""person_name"":""ישראל כץ""},{""face_label"":""face_04"",""bbox_xyxy"":[399,42,476,177],""person_name"":""unknown""}]"
"few_people_056_post169345","[{""face_label"":""face_01"",""bbox_xyxy"":[239,330,272,374],""person_name"":""סאלי עבד""},{""face_label"":""face_02"",""bbox_xyxy"":[372,327,406,379],""person_name"":""unknown""}]"
"few_people_057_post178623_f499","[{""face_label"":""face_01"",""bbox_xyxy"":[50,235,163,393],""person_name"":""unknown""},{""face_label"":""face_02"",""bbox_xyxy"":[442,318,537,456],""person_name"":""unknown""}]"
"few_people_059_post178623_f797","[{""face_label"":""face_01"",""bbox_xyxy"":[479,308,601,478],""person_name"":""unknown""},{""face_label"":""face_02"",""bbox_xyxy"":[75,196,197,381],""person_name"":""unknown""}]"
"few_people_060_post154373_f342","[{""face_label"":""face_01"",""bbox_xyxy"":[211,339,272,404],""person_name"":""unknown""},{""face_label"":""face_02"",""bbox_xyxy"":[639,371,686,440],""person_name"":""unknown""}]"
"few_people_061_post154373_f69","[{""face_label"":""face_01"",""bbox_xyxy"":[391,407,461,488],""person_name"":""unknown""},{""face_label"":""face_02"",""bbox_xyxy"":[184,456,233,521],""person_name"":""unknown""},{""face_label"":""face_03"",""bbox_xyxy"":[163,494,207,579],""person_name"":""יוסף חדאד""}]"
"few_people_063_post181178_f2297","[{""face_label"":""face_01"",""bbox_xyxy"":[255,121,412,356],""person_name"":""unknown""},{""face_label"":""face_02"",""bbox_xyxy"":[297,741,472,986],""person_name"":""unknown""}]"
"few_people_064_post179914","[{""face_label"":""face_01"",""bbox_xyxy"":[61,122,85,153],""person_name"":""unknown""},{""face_label"":""face_02"",""bbox_xyxy"":[430,130,490,189],""person_name"":""unknown""}]"
"few_people_067_post175060_f2815","[{""face_label"":""face_01"",""bbox_xyxy"":[244,389,314,500],""person_name"":""שרה נתניהו""},{""face_label"":""face_02"",""bbox_xyxy"":[380,391,436,480],""person_name"":""בנימין נתניהו""},{""face_label"":""face_03"",""bbox_xyxy"":[132,436,163,481],""person_name"":""unknown""},{""face_label"":""face_04"",""bbox_xyxy"":[87,353,134,403],""person_name"":""unknown""},{""face_label"":""face_05"",""bbox_xyxy"":[483,475,510,507],""person_name"":""unknown""}]"
"few_people_068_post171638_f614","[{""face_label"":""face_01"",""bbox_xyxy"":[508,490,570,586],""person_name"":""גלעד ארדן""},{""face_label"":""face_02"",""bbox_xyxy"":[242,532,295,610],""person_name"":""גלעד ארדן""},{""face_label"":""face_03"",""bbox_xyxy"":[672,487,719,571],""person_name"":""יולי אדלשטיין""}]"
"few_people_069_post171638_f736","[{""face_label"":""face_01"",""bbox_xyxy"":[346,495,382,550],""person_name"":""גלעד ארדן""},{""face_label"":""face_02"",""bbox_xyxy"":[436,497,468,544],""person_name"":""יולי אדלשטיין""},{""face_label"":""face_03"",""bbox_xyxy"":[183,516,215,561],""person_name"":""גלעד ארדן""},{""face_label"":""face_04"",""bbox_xyxy"":[554,528,581,571],""person_name"":""unknown""}]"
"few_people_070_post166177","[{""face_label"":""face_01"",""bbox_xyxy"":[198,76,249,156],""person_name"":""unknown""},{""face_label"":""face_02"",""bbox_xyxy"":[85,188,112,225],""person_name"":""unknown""}]"
"few_people_071_post185636_f705","[{""face_label"":""face_01"",""bbox_xyxy"":[426,30,454,64],""person_name"":""unknown""},{""face_label"":""face_02"",""bbox_xyxy"":[193,12,223,48],""person_name"":""unknown""}]"
"few_people_072_post185636_f1056","[{""face_label"":""face_01"",""bbox_xyxy"":[352,806,417,874],""person_name"":""unknown""},{""face_label"":""face_02"",""bbox_xyxy"":[561,744,597,791],""person_name"":""unknown""}]"
"few_people_073_post185636_f968","[{""face_label"":""face_01"",""bbox_xyxy"":[37,758,65,795],""person_name"":""unknown""},{""face_label"":""face_02"",""bbox_xyxy"":[243,726,263,757],""person_name"":""unknown""},{""face_label"":""face_03"",""bbox_xyxy"":[534,741,566,801],""person_name"":""unknown""}]"
"few_people_074_post185561","[{""face_label"":""face_01"",""bbox_xyxy"":[125,2,180,77],""person_name"":""unknown""},{""face_label"":""face_02"",""bbox_xyxy"":[304,3,367,86],""person_name"":""unknown""}]"
"few_people_075_post174352","[{""face_label"":""face_01"",""bbox_xyxy"":[436,517,562,655],""person_name"":""unknown""},{""face_label"":""face_02"",""bbox_xyxy"":[218,484,323,631],""person_name"":""unknown""}]"
"few_people_076_post161579","[{""face_label"":""face_01"",""bbox_xyxy"":[213,175,302,295],""person_name"":""unknown""},{""face_label"":""face_02"",""bbox_xyxy"":[406,177,469,265],""person_name"":""unknown""}]"
"few_people_077_post147951","[{""face_label"":""face_01"",""bbox_xyxy"":[732,174,879,336],""person_name"":""unknown""},{""face_label"":""face_02"",""bbox_xyxy"":[398,93,555,312],""person_name"":""unknown""},{""face_label"":""face_03"",""bbox_xyxy"":[-7,158,135,432],""person_name"":""unknown""}]"
"few_people_078_post145138","[{""face_label"":""face_01"",""bbox_xyxy"":[390,58,591,389],""person_name"":""unknown""},{""face_label"":""face_02"",""bbox_xyxy"":[42,37,263,359],""person_name"":""unknown""}]"
"few_people_079_post186873","[{""face_label"":""face_01"",""bbox_xyxy"":[58,25,96,83],""person_name"":""unknown""},{""face_label"":""face_02"",""bbox_xyxy"":[199,30,244,91],""person_name"":""unknown""},{""face_label"":""face_03"",""bbox_xyxy"":[356,31,398,88],""person_name"":""unknown""}]"
"few_people_080_post137282_f3315","[{""face_label"":""face_01"",""bbox_xyxy"":[145,59,180,108],""person_name"":""unknown""},{""face_label"":""face_02"",""bbox_xyxy"":[401,61,432,109],""person_name"":""unknown""}]"
"few_people_081_post178245","[{""face_label"":""face_01"",""bbox_xyxy"":[432,124,473,179],""person_name"":""unknown""},{""face_label"":""face_02"",""bbox_xyxy"":[211,123,244,168],""person_name"":""unknown""}]"
"few_people_082_post150615_f916","[{""face_label"":""face_01"",""bbox_xyxy"":[494,445,554,520],""person_name"":""unknown""},{""face_label"":""face_02"",""bbox_xyxy"":[636,581,708,654],""person_name"":""unknown""},{""face_label"":""face_03"",""bbox_xyxy"":[432,760,498,841],""person_name"":""unknown""},{""face_label"":""face_04"",""bbox_xyxy"":[153,381,231,467],""person_name"":""unknown""},{""face_label"":""face_05"",""bbox_xyxy"":[545,293,602,365],""person_name"":""unknown""}]"
"few_people_083_post150615_f1119","[{""face_label"":""face_01"",""bbox_xyxy"":[318,629,412,725],""person_name"":""unknown""},{""face_label"":""face_02"",""bbox_xyxy"":[587,96,609,122],""person_name"":""unknown""},{""face_label"":""face_03"",""bbox_xyxy"":[493,607,559,678],""person_name"":""unknown""}]"
"few_people_084_post161477_f1173","[{""face_label"":""face_01"",""bbox_xyxy"":[193,357,224,408],""person_name"":""unknown""},{""face_label"":""face_02"",""bbox_xyxy"":[26,342,58,401],""person_name"":""unknown""}]"
"few_people_085_post161477_f1433","[{""face_label"":""face_01"",""bbox_xyxy"":[288,405,337,459],""person_name"":""unknown""},{""face_label"":""face_02"",""bbox_xyxy"":[41,323,77,375],""person_name"":""unknown""}]"
"few_people_086_post179557","[{""face_label"":""face_01"",""bbox_xyxy"":[314,309,382,388],""person_name"":""unknown""},{""face_label"":""face_02"",""bbox_xyxy"":[225,123,243,145],""person_name"":""unknown""},{""face_label"":""face_03"",""bbox_xyxy"":[413,279,465,341],""person_name"":""unknown""},{""face_label"":""face_04"",""bbox_xyxy"":[156,166,175,189],""person_name"":""unknown""},{""face_label"":""face_05"",""bbox_xyxy"":[98,160,116,184],""person_name"":""unknown""},{""face_label"":""face_06"",""bbox_xyxy"":[33,149,52,174],""person_name"":""unknown""},{""face_label"":""face_07"",""bbox_xyxy"":[160,142,178,164],""person_name"":""unknown""},{""face_label"":""face_08"",""bbox_xyxy"":[327,158,352,194],""person_name"":""unknown""},{""face_label"":""face_09"",""bbox_xyxy"":[281,144,294,160],""person_name"":""unknown""},{""face_label"":""face_10"",""bbox_xyxy"":[171,243,213,290],""person_name"":""unknown""},{""face_label"":""face_11"",""bbox_xyxy"":[385,169,400,190],""person_name"":""unknown""},{""face_label"":""face_12"",""bbox_xyxy"":[99,257,140,331],""person_name"":""unknown""},{""face_label"":""face_13"",""bbox_xyxy"":[105,121,115,132],""person_name"":""unknown""},{""face_label"":""face_14"",""bbox_xyxy"":[411,183,451,233],""person_name"":""unknown""},{""face_label"":""face_15"",""bbox_xyxy"":[117,132,126,145],""person_name"":""unknown""},{""face_label"":""face_16"",""bbox_xyxy"":[430,143,443,162],""person_name"":""unknown""},{""face_label"":""face_17"",""bbox_xyxy"":[142,144,154,160],""person_name"":""unknown""},{""face_label"":""face_18"",""bbox_xyxy"":[10,124,20,137],""person_name"":""unknown""},{""face_label"":""face_19"",""bbox_xyxy"":[50,131,59,144],""person_name"":""unknown""},{""face_label"":""face_20"",""bbox_xyxy"":[473,154,484,170],""person_name"":""unknown""},{""face_label"":""face_21"",""bbox_xyxy"":[365,138,377,152],""person_name"":""unknown""},{""face_label"":""face_22"",""bbox_xyxy"":[72,126,83,139],""person_name"":""unknown""},{""face_label"":""face_23"",""bbox_xyxy"":[411,138,421,152],""person_name"":""unknown""},{""face_label"":""face_24"",""bbox_xyxy"":[346,142,356,153],""person_name"":""unknown""},{""face_label"":""face_25"",""bbox_xyxy"":[293,126,301,136],""person_name"":""unknown""},{""face_label"":""face_26"",""bbox_xyxy"":[485,115,494,128],""person_name"":""unknown""},{""face_label"":""face_27"",""bbox_xyxy"":[94,123,102,135],""person_name"":""unknown""},{""face_label"":""face_28"",""bbox_xyxy"":[458,141,468,153],""person_name"":""unknown""},{""face_label"":""face_29"",""bbox_xyxy"":[495,153,509,169],""person_name"":""unknown""},{""face_label"":""face_30"",""bbox_xyxy"":[87,148,100,167],""person_name"":""unknown""},{""face_label"":""face_31"",""bbox_xyxy"":[188,129,195,139],""person_name"":""unknown""},{""face_label"":""face_32"",""bbox_xyxy"":[261,116,267,125],""person_name"":""unknown""}]"
"few_people_087_post139678","[{""face_label"":""face_01"",""bbox_xyxy"":[276,202,446,425],""person_name"":""unknown""},{""face_label"":""face_02"",""bbox_xyxy"":[270,32,306,81],""person_name"":""unknown""},{""face_label"":""face_03"",""bbox_xyxy"":[1405,327,1426,355],""person_name"":""unknown""},{""face_label"":""face_04"",""bbox_xyxy"":[1754,337,1778,368],""person_name"":""unknown""}]"
"few_people_089_post195757_f1519","[{""face_label"":""face_01"",""bbox_xyxy"":[839,135,946,284],""person_name"":""unknown""},{""face_label"":""face_02"",""bbox_xyxy"":[554,100,656,254],""person_name"":""unknown""},{""face_label"":""face_03"",""bbox_xyxy"":[381,144,462,299],""person_name"":""unknown""},{""face_label"":""face_04"",""bbox_xyxy"":[923,-2,1000,80],""person_name"":""unknown""},{""face_label"":""face_05"",""bbox_xyxy"":[287,23,361,129],""person_name"":""unknown""},{""face_label"":""face_06"",""bbox_xyxy"":[1219,-25,1276,47],""person_name"":""unknown""}]"
"few_people_090_post195757_f460","[{""face_label"":""face_01"",""bbox_xyxy"":[1121,172,1273,357],""person_name"":""unknown""},{""face_label"":""face_02"",""bbox_xyxy"":[-32,284,111,497],""person_name"":""unknown""}]"
"few_people_091_post166794","[{""face_label"":""face_01"",""bbox_xyxy"":[526,260,566,312],""person_name"":""unknown""},{""face_label"":""face_02"",""bbox_xyxy"":[123,205,166,269],""person_name"":""יצחק וסרלאוף""},{""face_label"":""face_03"",""bbox_xyxy"":[407,306,430,336],""person_name"":""unknown""}]"
"few_people_092_post141400","[{""face_label"":""face_01"",""bbox_xyxy"":[315,762,421,915],""person_name"":""unknown""},{""face_label"":""face_02"",""bbox_xyxy"":[308,107,418,255],""person_name"":""אמיר אוחנה""},{""face_label"":""face_03"",""bbox_xyxy"":[606,311,618,326],""person_name"":""unknown""}]"
"few_people_093_post144425","[{""face_label"":""face_01"",""bbox_xyxy"":[425,48,549,234],""person_name"":""גלעד ארדן""},{""face_label"":""face_02"",""bbox_xyxy"":[120,51,241,221],""person_name"":""יולי אדלשטיין""}]"
"few_people_094_post189453","[{""face_label"":""face_01"",""bbox_xyxy"":[217,122,265,189],""person_name"":""unknown""},{""face_label"":""face_02"",""bbox_xyxy"":[427,163,469,219],""person_name"":""unknown""}]"
"few_people_095_post141350","[{""face_label"":""face_01"",""bbox_xyxy"":[215,218,324,337],""person_name"":""אורנה ברביבאי""},{""face_label"":""face_02"",""bbox_xyxy"":[120,8,221,108],""person_name"":""unknown""},{""face_label"":""face_03"",""bbox_xyxy"":[336,237,472,385],""person_name"":""unknown""},{""face_label"":""face_04"",""bbox_xyxy"":[353,439,534,640],""person_name"":""unknown""},{""face_label"":""face_05"",""bbox_xyxy"":[222,96,321,184],""person_name"":""unknown""}]"
"few_people_096_post143214_f1016","[{""face_label"":""face_01"",""bbox_xyxy"":[342,420,444,557],""person_name"":""אופיר אקוניס""},{""face_label"":""face_02"",""bbox_xyxy"":[650,167,675,201],""person_name"":""בנימין נתניהו""}]"
"few_people_097_post190544_f1057","[{""face_label"":""face_01"",""bbox_xyxy"":[427,985,471,1033],""person_name"":""unknown""},{""face_label"":""face_02"",""bbox_xyxy"":[490,984,534,1033],""person_name"":""unknown""},{""face_label"":""face_03"",""bbox_xyxy"":[556,986,597,1034],""person_name"":""unknown""}]"
"few_people_098_post171816_f134","[{""face_label"":""face_01"",""bbox_xyxy"":[331,243,480,421],""person_name"":""unknown""},{""face_label"":""face_02"",""bbox_xyxy"":[557,263,647,376],""person_name"":""unknown""},{""face_label"":""face_03"",""bbox_xyxy"":[146,230,206,356],""person_name"":""unknown""}]"
"few_people_099_post171816_f519","[{""face_label"":""face_01"",""bbox_xyxy"":[159,323,284,499],""person_name"":""unknown""},{""face_label"":""face_02"",""bbox_xyxy"":[485,287,577,440],""person_name"":""unknown""},{""face_label"":""face_03"",""bbox_xyxy"":[32,320,93,400],""person_name"":""unknown""},{""face_label"":""face_04"",""bbox_xyxy"":[582,359,630,426],""person_name"":""unknown""},{""face_label"":""face_05"",""bbox_xyxy"":[86,346,122,397],""person_name"":""unknown""},{""face_label"":""face_06"",""bbox_xyxy"":[275,343,315,407],""person_name"":""unknown""}]"
"few_people_100_post180563","[{""face_label"":""face_01"",""bbox_xyxy"":[213,180,268,251],""person_name"":""unknown""},{""face_label"":""face_02"",""bbox_xyxy"":[386,162,442,243],""person_name"":""unknown""},{""face_label"":""face_03"",""bbox_xyxy"":[10,177,63,259],""person_name"":""unknown""}]"
"few_people_102_post183510_f485","[{""face_label"":""face_01"",""bbox_xyxy"":[104,592,130,621],""person_name"":""unknown""},{""face_label"":""face_02"",""bbox_xyxy"":[675,592,697,616],""person_name"":""unknown""},{""face_label"":""face_03"",""bbox_xyxy"":[402,603,425,632],""person_name"":""unknown""},{""face_label"":""face_04"",""bbox_xyxy"":[306,607,327,632],""person_name"":""unknown""},{""face_label"":""face_05"",""bbox_xyxy"":[205,605,228,634],""person_name"":""unknown""},{""face_label"":""face_06"",""bbox_xyxy"":[593,593,613,618],""person_name"":""unknown""},{""face_label"":""face_07"",""bbox_xyxy"":[15,613,41,642],""person_name"":""unknown""},{""face_label"":""face_08"",""bbox_xyxy"":[501,585,523,610],""person_name"":""unknown""}]"
"few_people_104_post165654_f218","[{""face_label"":""face_01"",""bbox_xyxy"":[648,1017,942,1347],""person_name"":""unknown""},{""face_label"":""face_02"",""bbox_xyxy"":[257,860,447,1237],""person_name"":""unknown""}]"
"few_people_105_post165654_f146","[{""face_label"":""face_01"",""bbox_xyxy"":[557,983,653,1121],""person_name"":""unknown""},{""face_label"":""face_02"",""bbox_xyxy"":[452,1012,546,1150],""person_name"":""unknown""},{""face_label"":""face_03"",""bbox_xyxy"":[703,1542,798,1652],""person_name"":""unknown""}]"
"few_people_106_post165654_f182","[{""face_label"":""face_01"",""bbox_xyxy"":[604,1032,743,1232],""person_name"":""unknown""},{""face_label"":""face_02"",""bbox_xyxy"":[411,1051,550,1234],""person_name"":""unknown""}]"
"few_people_107_post152598","[{""face_label"":""face_01"",""bbox_xyxy"":[480,424,579,573],""person_name"":""unknown""},{""face_label"":""face_02"",""bbox_xyxy"":[24,482,165,650],""person_name"":""unknown""}]"
"few_people_108_post135462_f1241","[{""face_label"":""face_01"",""bbox_xyxy"":[331,166,369,215],""person_name"":""unknown""},{""face_label"":""face_02"",""bbox_xyxy"":[378,91,416,140],""person_name"":""unknown""},{""face_label"":""face_03"",""bbox_xyxy"":[152,79,193,130],""person_name"":""unknown""},{""face_label"":""face_04"",""bbox_xyxy"":[264,88,305,139],""person_name"":""יואב קיש""}]"
"few_people_109_post136606_f427","[{""face_label"":""face_01"",""bbox_xyxy"":[61,-16,493,644],""person_name"":""unknown""},{""face_label"":""face_02"",""bbox_xyxy"":[562,313,599,371],""person_name"":""unknown""}]"
"few_people_110_post153357_f2981","[{""face_label"":""face_01"",""bbox_xyxy"":[97,632,121,663],""person_name"":""unknown""},{""face_label"":""face_02"",""bbox_xyxy"":[303,594,326,625],""person_name"":""unknown""},{""face_label"":""face_03"",""bbox_xyxy"":[497,626,521,654],""person_name"":""unknown""},{""face_label"":""face_04"",""bbox_xyxy"":[434,671,459,702],""person_name"":""unknown""},{""face_label"":""face_05"",""bbox_xyxy"":[204,656,228,687],""person_name"":""unknown""},{""face_label"":""face_06"",""bbox_xyxy"":[472,548,493,576],""person_name"":""unknown""}]"
"few_people_111_post153357_f2441","[{""face_label"":""face_01"",""bbox_xyxy"":[433,428,473,475],""person_name"":""unknown""},{""face_label"":""face_02"",""bbox_xyxy"":[672,415,705,463],""person_name"":""unknown""}]"
"few_people_112_post153357_f2171","[{""face_label"":""face_01"",""bbox_xyxy"":[537,374,572,423],""person_name"":""unknown""},{""face_label"":""face_02"",""bbox_xyxy"":[359,382,397,424],""person_name"":""unknown""},{""face_label"":""face_03"",""bbox_xyxy"":[314,377,350,416],""person_name"":""unknown""}]"
"few_people_113_post191330_f1948","[{""face_label"":""face_01"",""bbox_xyxy"":[508,536,563,610],""person_name"":""unknown""},{""face_label"":""face_02"",""bbox_xyxy"":[255,402,307,476],""person_name"":""נעמה לזימי""}]"
"few_people_114_post155099_f278","[{""face_label"":""face_01"",""bbox_xyxy"":[264,440,360,567],""person_name"":""unknown""},{""face_label"":""face_02"",""bbox_xyxy"":[477,370,549,456],""person_name"":""unknown""},{""face_label"":""face_03"",""bbox_xyxy"":[191,435,262,519],""person_name"":""unknown""}]"
"few_people_117_post192253_f978","[{""face_label"":""face_01"",""bbox_xyxy"":[399,262,604,549],""person_name"":""unknown""},{""face_label"":""face_02"",""bbox_xyxy"":[-55,201,110,405],""person_name"":""unknown""}]"
"few_people_119_post129851","[{""face_label"":""face_01"",""bbox_xyxy"":[683,241,931,566],""person_name"":""unknown""},{""face_label"":""face_02"",""bbox_xyxy"":[217,237,440,571],""person_name"":""unknown""}]"
"few_people_120_post143186_f1048","[{""face_label"":""face_01"",""bbox_xyxy"":[131,115,187,184],""person_name"":""unknown""},{""face_label"":""face_02"",""bbox_xyxy"":[455,105,528,206],""person_name"":""אושר שקלים""}]"
"few_people_121_post141954_f602","[{""face_label"":""face_01"",""bbox_xyxy"":[193,71,310,228],""person_name"":""unknown""},{""face_label"":""face_02"",""bbox_xyxy"":[778,127,881,271],""person_name"":""unknown""},{""face_label"":""face_03"",""bbox_xyxy"":[1178,65,1301,249],""person_name"":""unknown""}]"
"few_people_122_post141954_f750","[{""face_label"":""face_01"",""bbox_xyxy"":[508,176,575,267],""person_name"":""unknown""},{""face_label"":""face_02"",""bbox_xyxy"":[197,126,277,231],""person_name"":""unknown""}]"
"few_people_123_post141954_f1792","[{""face_label"":""face_01"",""bbox_xyxy"":[639,149,748,301],""person_name"":""unknown""},{""face_label"":""face_02"",""bbox_xyxy"":[225,101,342,260],""person_name"":""unknown""},{""face_label"":""face_03"",""bbox_xyxy"":[1080,65,1170,268],""person_name"":""unknown""}]"
"few_people_125_post156297_f514","[{""face_label"":""face_01"",""bbox_xyxy"":[78,232,163,348],""person_name"":""unknown""},{""face_label"":""face_02"",""bbox_xyxy"":[305,218,385,336],""person_name"":""ניר ברקת""}]"
"few_people_127_post189348_f2818","[{""face_label"":""face_01"",""bbox_xyxy"":[-8,137,50,226],""person_name"":""unknown""},{""face_label"":""face_02"",""bbox_xyxy"":[715,116,785,218],""person_name"":""unknown""}]"
"few_people_128_post156627","[{""face_label"":""face_01"",""bbox_xyxy"":[550,221,998,853],""person_name"":""unknown""},{""face_label"":""face_02"",""bbox_xyxy"":[83,296,536,880],""person_name"":""unknown""}]"
"few_people_129_post171930_f29","[{""face_label"":""face_01"",""bbox_xyxy"":[638,574,686,636],""person_name"":""unknown""},{""face_label"":""face_02"",""bbox_xyxy"":[466,537,489,574],""person_name"":""unknown""},{""face_label"":""face_03"",""bbox_xyxy"":[360,536,441,641],""person_name"":""unknown""},{""face_label"":""face_04"",""bbox_xyxy"":[554,550,571,571],""person_name"":""unknown""},{""face_label"":""face_05"",""bbox_xyxy"":[179,588,365,893],""person_name"":""מידן בר""}]"
"few_people_130_post145552","[{""face_label"":""face_01"",""bbox_xyxy"":[356,936,446,1067],""person_name"":""בנימין נתניהו""},{""face_label"":""face_02"",""bbox_xyxy"":[114,253,435,748],""person_name"":""נאור שירי""}]"
"few_people_131_post194986","[{""face_label"":""face_01"",""bbox_xyxy"":[326,495,452,662],""person_name"":""משה רדמן אבוטבול""},{""face_label"":""face_02"",""bbox_xyxy"":[655,468,719,626],""person_name"":""unknown""}]"
"few_people_132_post166362","[{""face_label"":""face_01"",""bbox_xyxy"":[72,150,118,214],""person_name"":""unknown""},{""face_label"":""face_02"",""bbox_xyxy"":[319,134,367,196],""person_name"":""איתמר בן גביר""},{""face_label"":""face_03"",""bbox_xyxy"":[526,129,570,185],""person_name"":""unknown""}]"
"few_people_133_post179385","[{""face_label"":""face_01"",""bbox_xyxy"":[16,406,70,484],""person_name"":""unknown""},{""face_label"":""face_02"",""bbox_xyxy"":[387,392,441,463],""person_name"":""unknown""},{""face_label"":""face_03"",""bbox_xyxy"":[232,343,308,438],""person_name"":""unknown""},{""face_label"":""face_04"",""bbox_xyxy"":[200,383,246,449],""person_name"":""unknown""}]"
"few_people_136_post184697","[{""face_label"":""face_01"",""bbox_xyxy"":[64,34,253,308],""person_name"":""unknown""},{""face_label"":""face_02"",""bbox_xyxy"":[368,145,484,302],""person_name"":""unknown""},{""face_label"":""face_03"",""bbox_xyxy"":[256,156,339,263],""person_name"":""unknown""},{""face_label"":""face_04"",""bbox_xyxy"":[459,375,532,519],""person_name"":""unknown""}]"
"few_people_137_post152259","[{""face_label"":""face_01"",""bbox_xyxy"":[140,67,312,295],""person_name"":""קטי שטרית""},{""face_label"":""face_02"",""bbox_xyxy"":[381,85,494,253],""person_name"":""unknown""}]"
"few_people_138_post142365","[{""face_label"":""face_01"",""bbox_xyxy"":[408,175,495,295],""person_name"":""גדי איזנקוט""},{""face_label"":""face_02"",""bbox_xyxy"":[864,126,950,245],""person_name"":""unknown""}]"
"few_people_139_post140811","[{""face_label"":""face_01"",""bbox_xyxy"":[222,176,261,231],""person_name"":""unknown""},{""face_label"":""face_02"",""bbox_xyxy"":[234,187,315,326],""person_name"":""איתמר בן גביר""},{""face_label"":""face_03"",""bbox_xyxy"":[455,140,505,215],""person_name"":""unknown""},{""face_label"":""face_04"",""bbox_xyxy"":[262,143,303,196],""person_name"":""unknown""},{""face_label"":""face_05"",""bbox_xyxy"":[380,115,403,147],""person_name"":""unknown""}]"
"few_people_140_post178515","[{""face_label"":""face_01"",""bbox_xyxy"":[106,223,194,339],""person_name"":""בנימין נתניהו""},{""face_label"":""face_02"",""bbox_xyxy"":[290,232,368,330],""person_name"":""יריב לוין""},{""face_label"":""face_03"",""bbox_xyxy"":[625,240,696,334],""person_name"":""איתמר בן גביר""},{""face_label"":""face_04"",""bbox_xyxy"":[816,220,857,277],""person_name"":""יואב קיש""},{""face_label"":""face_05"",""bbox_xyxy"":[456,218,521,306],""person_name"":""ישראל כץ""}]"
"few_people_141_post185060","[{""face_label"":""face_01"",""bbox_xyxy"":[372,684,519,887],""person_name"":""לירן אבישר בן חורין""},{""face_label"":""face_02"",""bbox_xyxy"":[309,520,393,617],""person_name"":""unknown""}]"
"few_people_142_post147549","[{""face_label"":""face_01"",""bbox_xyxy"":[215,759,434,1050],""person_name"":""unknown""},{""face_label"":""face_02"",""bbox_xyxy"":[51,117,350,498],""person_name"":""עמית הלוי""}]"
"few_people_143_post173689","[{""face_label"":""face_01"",""bbox_xyxy"":[472,237,549,341],""person_name"":""unknown""},{""face_label"":""face_02"",""bbox_xyxy"":[933,229,1013,340],""person_name"":""unknown""},{""face_label"":""face_03"",""bbox_xyxy"":[1454,231,1539,340],""person_name"":""נמרוד שפר""}]"
"few_people_144_post129953","[{""face_label"":""face_01"",""bbox_xyxy"":[770,800,857,924],""person_name"":""unknown""},{""face_label"":""face_02"",""bbox_xyxy"":[219,804,319,945],""person_name"":""משה סעדה""}]"
"few_people_145_post128602","[{""face_label"":""face_01"",""bbox_xyxy"":[166,94,218,166],""person_name"":""נעמה לזימי""},{""face_label"":""face_02"",""bbox_xyxy"":[421,83,480,169],""person_name"":""unknown""}]"
"few_people_146_post137240","[{""face_label"":""face_01"",""bbox_xyxy"":[210,62,247,110],""person_name"":""unknown""},{""face_label"":""face_02"",""bbox_xyxy"":[261,109,298,155],""person_name"":""unknown""},{""face_label"":""face_03"",""bbox_xyxy"":[462,74,474,90],""person_name"":""unknown""},{""face_label"":""face_04"",""bbox_xyxy"":[420,127,434,144],""person_name"":""unknown""}]"
"few_people_147_post185269","[{""face_label"":""face_01"",""bbox_xyxy"":[525,475,643,625],""person_name"":""עדי עזוז""},{""face_label"":""face_02"",""bbox_xyxy"":[41,411,189,599],""person_name"":""unknown""}]"
"few_people_148_post144987","[{""face_label"":""face_01"",""bbox_xyxy"":[233,176,268,213],""person_name"":""ישראל כץ""},{""face_label"":""face_02"",""bbox_xyxy"":[521,151,546,184],""person_name"":""unknown""},{""face_label"":""face_03"",""bbox_xyxy"":[418,172,443,199],""person_name"":""בצלאל סמוטריץ""},{""face_label"":""face_04"",""bbox_xyxy"":[386,134,405,158],""person_name"":""unknown""}]"
"few_people_149_post137574","[{""face_label"":""face_01"",""bbox_xyxy"":[600,784,701,919],""person_name"":""טטיאנה מזרסקי""},{""face_label"":""face_02"",""bbox_xyxy"":[277,720,368,857],""person_name"":""unknown""}]"
"one_person_001_post165772","[{""face_label"":""face_01"",""bbox_xyxy"":[198,105,368,350],""person_name"":""unknown""}]"
"one_person_002_post132599_f2004","[{""face_label"":""face_01"",""bbox_xyxy"":[713,147,870,362],""person_name"":""unknown""}]"
"one_person_003_post160230","[{""face_label"":""face_01"",""bbox_xyxy"":[280,394,778,1107],""person_name"":""unknown""}]"
"one_person_004_post152741_f571","[{""face_label"":""face_01"",""bbox_xyxy"":[263,142,446,427],""person_name"":""חילי טרופר""}]"
"one_person_005_post152741_f106","[{""face_label"":""face_01"",""bbox_xyxy"":[232,383,351,542],""person_name"":""חילי טרופר""}]"
"one_person_006_post152741_f416","[{""face_label"":""face_01"",""bbox_xyxy"":[150,195,306,444],""person_name"":""חילי טרופר""}]"
"one_person_007_post152795_f1359","[{""face_label"":""face_01"",""bbox_xyxy"":[386,300,519,479],""person_name"":""בצלאל סמוטריץ""}]"
"one_person_008_post152795_f343","[{""face_label"":""face_01"",""bbox_xyxy"":[440,136,537,271],""person_name"":""יאיא פינק""}]"
"one_person_009_post152795_f908","[{""face_label"":""face_01"",""bbox_xyxy"":[318,236,451,416],""person_name"":""בצלאל סמוטריץ""}]"
"one_person_010_post139447","[{""face_label"":""face_01"",""bbox_xyxy"":[760,145,1003,520],""person_name"":""unknown""}]"
"one_person_011_post183325_f235","[{""face_label"":""face_01"",""bbox_xyxy"":[60,444,132,598],""person_name"":""unknown""}]"
"one_person_012_post157167","[{""face_label"":""face_01"",""bbox_xyxy"":[293,26,380,147],""person_name"":""unknown""}]"
"one_person_014_post139023_f784","[{""face_label"":""face_01"",""bbox_xyxy"":[261,306,493,631],""person_name"":""יריב לוין""}]"
"one_person_015_post139705_f831","[{""face_label"":""face_01"",""bbox_xyxy"":[227,321,356,502],""person_name"":""אפרת רייטן מרום""}]"
"one_person_016_post156589","[{""face_label"":""face_01"",""bbox_xyxy"":[150,65,327,311],""person_name"":""unknown""}]"
"one_person_017_post196001_f839","[{""face_label"":""face_01"",""bbox_xyxy"":[483,760,612,954],""person_name"":""unknown""}]"
"one_person_018_post173872","[{""face_label"":""face_01"",""bbox_xyxy"":[264,344,339,461],""person_name"":""לימור סון הר מלך""}]"
"one_person_019_post132163_f382","[{""face_label"":""face_01"",""bbox_xyxy"":[373,87,672,517],""person_name"":""בנימין נתניהו""}]"
"one_person_020_post132163_f1386","[{""face_label"":""face_01"",""bbox_xyxy"":[216,260,493,606],""person_name"":""מנסור עבאס""}]"
"one_person_021_post132163_f884","[{""face_label"":""face_01"",""bbox_xyxy"":[284,145,455,392],""person_name"":""בנימין נתניהו""}]"
"one_person_023_post141793","[{""face_label"":""face_01"",""bbox_xyxy"":[641,272,671,311],""person_name"":""unknown""}]"
"one_person_024_post137715","[{""face_label"":""face_01"",""bbox_xyxy"":[316,454,541,797],""person_name"":""אורית פרקש הכהן""}]"
"one_person_025_post135628","[{""face_label"":""face_01"",""bbox_xyxy"":[156,81,330,315],""person_name"":""unknown""}]"
"one_person_027_post192174_f1221","[{""face_label"":""face_01"",""bbox_xyxy"":[171,307,348,549],""person_name"":""unknown""}]"
"one_person_030_post142550_f1518","[{""face_label"":""face_01"",""bbox_xyxy"":[55,303,301,613],""person_name"":""unknown""}]"
"one_person_031_post142550_f1381","[{""face_label"":""face_01"",""bbox_xyxy"":[167,231,362,509],""person_name"":""unknown""}]"
"one_person_032_post141475","[{""face_label"":""face_01"",""bbox_xyxy"":[196,249,479,694],""person_name"":""גלעד קריב""}]"
"one_person_033_post166680_f122","[{""face_label"":""face_01"",""bbox_xyxy"":[308,305,419,469],""person_name"":""טלי גוטליב""}]"
"one_person_034_post159941","[{""face_label"":""face_01"",""bbox_xyxy"":[304,286,663,804],""person_name"":""נעמה לזימי""}]"
"one_person_035_post195525_f11599","[{""face_label"":""face_01"",""bbox_xyxy"":[315,105,373,191],""person_name"":""unknown""}]"
"one_person_036_post171924","[{""face_label"":""face_01"",""bbox_xyxy"":[327,141,545,477],""person_name"":""גלעד קריב""}]"
"one_person_037_post164807","[{""face_label"":""face_01"",""bbox_xyxy"":[83,393,183,536],""person_name"":""אופיר כץ""}]"
"one_person_038_post193695_f1949","[{""face_label"":""face_01"",""bbox_xyxy"":[225,184,473,588],""person_name"":""משה פייגלין""}]"
"one_person_039_post193695_f660","[{""face_label"":""face_01"",""bbox_xyxy"":[202,165,426,507],""person_name"":""משה פייגלין""}]"
"one_person_041_post138085_f1093","[{""face_label"":""face_01"",""bbox_xyxy"":[219,375,362,595],""person_name"":""unknown""}]"
"one_person_042_post138085_f367","[{""face_label"":""face_01"",""bbox_xyxy"":[369,414,451,557],""person_name"":""unknown""}]"
"one_person_043_post171520","[{""face_label"":""face_01"",""bbox_xyxy"":[338,729,877,1540],""person_name"":""יאיר אנסבכר""}]"
"one_person_045_post167169","[{""face_label"":""face_01"",""bbox_xyxy"":[251,224,415,468],""person_name"":""unknown""}]"
"one_person_046_post173559","[{""face_label"":""face_01"",""bbox_xyxy"":[210,30,294,151],""person_name"":""unknown""}]"
"one_person_047_post162317","[{""face_label"":""face_01"",""bbox_xyxy"":[322,507,585,828],""person_name"":""unknown""}]"
"one_person_048_post155444","[{""face_label"":""face_01"",""bbox_xyxy"":[231,162,324,278],""person_name"":""קארין אלהרר""}]"
"one_person_049_post165055_f1217","[{""face_label"":""face_01"",""bbox_xyxy"":[220,401,334,557],""person_name"":""איתן גינזבורג""}]"
"one_person_051_post139787","[{""face_label"":""face_01"",""bbox_xyxy"":[166,132,393,449],""person_name"":""unknown""}]"
"one_person_052_post136757","[{""face_label"":""face_01"",""bbox_xyxy"":[224,23,330,169],""person_name"":""unknown""}]"
"one_person_054_post137913","[{""face_label"":""face_01"",""bbox_xyxy"":[150,88,348,367],""person_name"":""unknown""}]"
"one_person_055_post155568_f1807","[{""face_label"":""face_01"",""bbox_xyxy"":[191,320,381,577],""person_name"":""קטי שטרית""}]"
"one_person_057_post155568_f1358","[{""face_label"":""face_01"",""bbox_xyxy"":[207,313,310,447],""person_name"":""קטי שטרית""}]"
"one_person_058_post185576_f295","[{""face_label"":""face_01"",""bbox_xyxy"":[205,207,389,480],""person_name"":""unknown""}]"
"one_person_059_post185576_f858","[{""face_label"":""face_01"",""bbox_xyxy"":[210,248,380,504],""person_name"":""unknown""}]"
"one_person_060_post168602_f1088","[{""face_label"":""face_01"",""bbox_xyxy"":[147,347,395,659],""person_name"":""unknown""}]"
"one_person_062_post137665_f716","[{""face_label"":""face_01"",""bbox_xyxy"":[147,165,364,454],""person_name"":""unknown""}]"
"one_person_063_post137665_f538","[{""face_label"":""face_01"",""bbox_xyxy"":[220,326,433,609],""person_name"":""דב מלביצקי""}]"
"one_person_064_post137665_f1072","[{""face_label"":""face_01"",""bbox_xyxy"":[399,428,683,827],""person_name"":""דב מלביצקי""}]"
"one_person_065_post188500_f1128","[{""face_label"":""face_01"",""bbox_xyxy"":[221,299,487,698],""person_name"":""נעמה לזימי""}]"
"one_person_067_post182174","[{""face_label"":""face_01"",""bbox_xyxy"":[405,334,620,662],""person_name"":""גלעד ארדן""}]"
"one_person_068_post191092_f301","[{""face_label"":""face_01"",""bbox_xyxy"":[91,323,196,471],""person_name"":""בנימין נתניהו""}]"
"one_person_070_post189132","[{""face_label"":""face_01"",""bbox_xyxy"":[59,250,89,292],""person_name"":""unknown""},{""face_label"":""face_02"",""bbox_xyxy"":[57,112,72,129],""person_name"":""unknown""},{""face_label"":""face_03"",""bbox_xyxy"":[135,130,151,145],""person_name"":""unknown""},{""face_label"":""face_04"",""bbox_xyxy"":[109,127,122,140],""person_name"":""unknown""}]"
"one_person_071_post178782_f255","[{""face_label"":""face_01"",""bbox_xyxy"":[275,154,565,570],""person_name"":""unknown""}]"
"one_person_072_post184783","[{""face_label"":""face_01"",""bbox_xyxy"":[177,70,339,298],""person_name"":""unknown""}]"
"one_person_073_post131044","[{""face_label"":""face_01"",""bbox_xyxy"":[145,94,325,372],""person_name"":""טלי גוטליב""}]"
"one_person_075_post185214","[{""face_label"":""face_01"",""bbox_xyxy"":[284,448,461,680],""person_name"":""יצחק עמית""}]"
"one_person_076_post152387","[{""face_label"":""face_01"",""bbox_xyxy"":[79,71,145,172],""person_name"":""unknown""}]"
"one_person_079_post135642_f496","[{""face_label"":""face_01"",""bbox_xyxy"":[284,325,491,628],""person_name"":""בנימין נתניהו""}]"
"one_person_080_post135642_f91","[{""face_label"":""face_01"",""bbox_xyxy"":[195,400,327,599],""person_name"":""בנימין נתניהו""}]"
"one_person_081_post135300","[{""face_label"":""face_01"",""bbox_xyxy"":[430,150,643,433],""person_name"":""unknown""}]"
"one_person_082_post188165","[{""face_label"":""face_01"",""bbox_xyxy"":[297,356,618,833],""person_name"":""מידן בר""}]"
"one_person_083_post138894","[{""face_label"":""face_01"",""bbox_xyxy"":[513,122,594,231],""person_name"":""ישראל כץ""}]"
"one_person_084_post162929","[{""face_label"":""face_01"",""bbox_xyxy"":[319,134,428,338],""person_name"":""unknown""}]"
"one_person_085_post181178_f1281","[{""face_label"":""face_01"",""bbox_xyxy"":[236,237,475,583],""person_name"":""unknown""}]"
"one_person_086_post181178_f2551","[{""face_label"":""face_01"",""bbox_xyxy"":[200,224,571,699],""person_name"":""unknown""}]"
"one_person_087_post154467","[{""face_label"":""face_01"",""bbox_xyxy"":[170,43,302,237],""person_name"":""unknown""}]"
"one_person_090_post132413_f313","[{""face_label"":""face_01"",""bbox_xyxy"":[154,584,224,681],""person_name"":""unknown""}]"
"one_person_091_post132413_f107","[{""face_label"":""face_01"",""bbox_xyxy"":[258,721,311,783],""person_name"":""unknown""},{""face_label"":""face_02"",""bbox_xyxy"":[85,724,137,790],""person_name"":""unknown""}]"
"one_person_092_post132413_f1240","[{""face_label"":""face_01"",""bbox_xyxy"":[465,859,591,1030],""person_name"":""יצחק קרויזר""}]"
"one_person_093_post188480","[{""face_label"":""face_01"",""bbox_xyxy"":[467,123,490,152],""person_name"":""unknown""},{""face_label"":""face_02"",""bbox_xyxy"":[29,152,57,186],""person_name"":""unknown""},{""face_label"":""face_03"",""bbox_xyxy"":[225,101,240,122],""person_name"":""unknown""},{""face_label"":""face_04"",""bbox_xyxy"":[313,103,330,122],""person_name"":""unknown""},{""face_label"":""face_05"",""bbox_xyxy"":[427,105,445,130],""person_name"":""unknown""},{""face_label"":""face_06"",""bbox_xyxy"":[131,145,147,168],""person_name"":""unknown""}]"
"one_person_094_post165647_f978","[{""face_label"":""face_01"",""bbox_xyxy"":[161,180,389,460],""person_name"":""איתמר בן גביר""}]"
"one_person_096_post165647_f1222","[{""face_label"":""face_01"",""bbox_xyxy"":[249,169,384,357],""person_name"":""איתמר בן גביר""}]"
"one_person_097_post192302","[{""face_label"":""face_01"",""bbox_xyxy"":[86,161,303,458],""person_name"":""unknown""}]"
"one_person_098_post175060_f521","[{""face_label"":""face_01"",""bbox_xyxy"":[329,379,392,472],""person_name"":""בנימין נתניהו""}]"
"one_person_100_post155452_f442","[{""face_label"":""face_01"",""bbox_xyxy"":[267,60,401,238],""person_name"":""איתמר בן גביר""}]"
"one_person_101_post155452_f589","[{""face_label"":""face_01"",""bbox_xyxy"":[205,99,484,493],""person_name"":""בנימין נתניהו""}]"
"one_person_102_post171638_f308","[{""face_label"":""face_01"",""bbox_xyxy"":[461,330,557,486],""person_name"":""גלעד ארדן""}]"
"one_person_103_post184513","[{""face_label"":""face_01"",""bbox_xyxy"":[199,279,348,467],""person_name"":""unknown""}]"
"one_person_104_post195781","[{""face_label"":""face_01"",""bbox_xyxy"":[176,66,364,337],""person_name"":""unknown""}]"
"one_person_105_post156247_f941","[{""face_label"":""face_01"",""bbox_xyxy"":[109,160,335,475],""person_name"":""יבגני סובה""}]"
"one_person_106_post156247_f1058","[{""face_label"":""face_01"",""bbox_xyxy"":[270,188,495,516],""person_name"":""יבגני סובה""}]"
"one_person_107_post156247_f122","[{""face_label"":""face_01"",""bbox_xyxy"":[244,161,465,453],""person_name"":""אביחי בוארון""}]"
"one_person_108_post185755","[{""face_label"":""face_01"",""bbox_xyxy"":[118,31,313,304],""person_name"":""unknown""}]"
"one_person_110_post179680","[{""face_label"":""face_01"",""bbox_xyxy"":[160,230,380,481],""person_name"":""unknown""}]"
"one_person_111_post149131_f2094","[{""face_label"":""face_01"",""bbox_xyxy"":[301,532,428,726],""person_name"":""בנימין נתניהו""}]"
"one_person_113_post141373_f700","[{""face_label"":""face_01"",""bbox_xyxy"":[112,154,305,438],""person_name"":""מירי רגב""}]"
"one_person_114_post141373_f1393","[{""face_label"":""face_01"",""bbox_xyxy"":[156,214,334,500],""person_name"":""מירי רגב""}]"
"one_person_115_post133879","[{""face_label"":""face_01"",""bbox_xyxy"":[277,59,519,394],""person_name"":""unknown""}]"
"one_person_116_post139175","[{""face_label"":""face_01"",""bbox_xyxy"":[188,97,328,327],""person_name"":""unknown""}]"
"one_person_117_post193484","[{""face_label"":""face_01"",""bbox_xyxy"":[215,213,338,381],""person_name"":""ווליד טאהא""}]"
"one_person_118_post137282_f4415","[{""face_label"":""face_01"",""bbox_xyxy"":[330,73,434,219],""person_name"":""אופיר אקוניס""}]"
"one_person_119_post150615_f106","[{""face_label"":""face_01"",""bbox_xyxy"":[181,289,644,868],""person_name"":""unknown""}]"
"one_person_120_post161477_f1303","[{""face_label"":""face_01"",""bbox_xyxy"":[325,301,369,361],""person_name"":""unknown""}]"
"one_person_122_post183588","[{""face_label"":""face_01"",""bbox_xyxy"":[252,42,333,149],""person_name"":""unknown""}]"
"one_person_123_post151789","[{""face_label"":""face_01"",""bbox_xyxy"":[359,51,477,199],""person_name"":""עליזה בלוך""}]"
"one_person_124_post148146_f30","[{""face_label"":""face_01"",""bbox_xyxy"":[202,483,238,540],""person_name"":""unknown""}]"
"one_person_125_post155769_f763","[{""face_label"":""face_01"",""bbox_xyxy"":[408,217,641,545],""person_name"":""unknown""}]"
"one_person_128_post188128","[{""face_label"":""face_01"",""bbox_xyxy"":[223,60,270,134],""person_name"":""unknown""}]"
"one_person_131_post182266","[{""face_label"":""face_01"",""bbox_xyxy"":[165,72,369,357],""person_name"":""unknown""}]"
"one_person_132_post164834","[{""face_label"":""face_01"",""bbox_xyxy"":[134,379,449,874],""person_name"":""יאיא פינק""}]"
"one_person_133_post146522","[{""face_label"":""face_01"",""bbox_xyxy"":[151,52,336,323],""person_name"":""unknown""}]"
"one_person_135_post177600","[{""face_label"":""face_01"",""bbox_xyxy"":[202,66,310,215],""person_name"":""יהונתן פולארד""}]"
"one_person_136_post151780","[{""face_label"":""face_01"",""bbox_xyxy"":[207,245,258,308],""person_name"":""unknown""}]"
"one_person_137_post181189","[{""face_label"":""face_01"",""bbox_xyxy"":[222,33,249,65],""person_name"":""unknown""}]"
"one_person_138_post178660","[{""face_label"":""face_01"",""bbox_xyxy"":[237,118,475,468],""person_name"":""גדי איזנקוט""}]"
"one_person_139_post147395","[{""face_label"":""face_01"",""bbox_xyxy"":[165,114,358,387],""person_name"":""unknown""}]"
"one_person_141_post186985","[{""face_label"":""face_01"",""bbox_xyxy"":[490,106,630,320],""person_name"":""unknown""}]"
"one_person_142_post172075","[{""face_label"":""face_01"",""bbox_xyxy"":[205,134,404,427],""person_name"":""unknown""}]"
"one_person_144_post195728","[{""face_label"":""face_01"",""bbox_xyxy"":[179,205,328,398],""person_name"":""ישראל כץ""}]"
"one_person_145_post136277","[{""face_label"":""face_01"",""bbox_xyxy"":[91,53,164,159],""person_name"":""unknown""}]"
"one_person_146_post185089","[{""face_label"":""face_01"",""bbox_xyxy"":[403,399,471,510],""person_name"":""unknown""}]"
"one_person_147_post178621","[{""face_label"":""face_01"",""bbox_xyxy"":[175,417,563,953],""person_name"":""יאיר אנסבכר""}]"
"one_person_148_post147520","[{""face_label"":""face_01"",""bbox_xyxy"":[490,167,705,460],""person_name"":""איתמר בן גביר""}]"
"one_person_149_post165316","[{""face_label"":""face_01"",""bbox_xyxy"":[221,319,463,649],""person_name"":""אביגדור ליברמן""}]"
"one_person_150_post167627","[{""face_label"":""face_01"",""bbox_xyxy"":[245,133,333,260],""person_name"":""אורית פרקש הכהן""}]"
