group,sequence,image_id,relative_path,post_id,platform,media_kind,source_url,frame_index,frame_time_seconds,detected_face_count,face_scores,width,height,dhash
few_people,1,few_people_001_post193238,few_people/few_people_001_post193238.jpg,193238,facebook,image,https://storage.googleapis.com/synthetic-propaganda-il-2026-post-media/posts/193238/image.jpg,,,2,"[0.8324, 0.7507]",787,444,acaacddcc846484e
few_people,2,few_people_002_post165940,few_people/few_people_002_post165940.jpg,165940,facebook,image,https://storage.googleapis.com/synthetic-propaganda-il-2026-post-media/posts/165940/image.jpg,,,2,"[0.8389, 0.6823]",500,261,f71595979693cd15
few_people,3,few_people_003_post165259,few_people/few_people_003_post165259.jpg,165259,instagram,image,https://storage.googleapis.com/synthetic-propaganda-il-2026-post-media/posts/165259/image.jpg,,,2,"[0.7712, 0.6229]",512,640,6353d2636139dc36
few_people,4,few_people_004_post152863,few_people/few_people_004_post152863.jpg,152863,instagram,image,https://storage.googleapis.com/synthetic-propaganda-il-2026-post-media/posts/152863/image.jpg,,,2,"[0.8886, 0.8879]",512,640,a9e6a74e1c4ecfe9
few_people,5,few_people_005_post132599_f552,few_people/few_people_005_post132599_f552.jpg,132599,x,video,https://storage.googleapis.com/synthetic-propaganda-il-2026-post-media/posts/132599/video.mp4,552,11.04,2,"[0.8759, 0.8316]",1280,720,0ebe3a3b33ababab
few_people,6,few_people_006_post132599_f190,few_people/few_people_006_post132599_f190.jpg,132599,x,video,https://storage.googleapis.com/synthetic-propaganda-il-2026-post-media/posts/132599/video.mp4,190,3.8,3,"[0.8845, 0.8444, 0.811]",1280,720,928293991929191b
few_people,7,few_people_007_post185971,few_people/few_people_007_post185971.jpg,185971,facebook,image,https://storage.googleapis.com/synthetic-propaganda-il-2026-post-media/posts/185971/image.jpg,,,4,"[0.8637, 0.8379, 0.8293, 0.6676]",512,640,30aa684e1a7b706c
few_people,8,few_people_008_post189257,few_people/few_people_008_post189257.jpg,189257,instagram,image,https://storage.googleapis.com/synthetic-propaganda-il-2026-post-media/posts/189257/image.jpg,,,3,"[0.8639, 0.8256, 0.7445]",512,640,b2b4b2b1b1aaaabb
few_people,9,few_people_009_post161601_f2503,few_people/few_people_009_post161601_f2503.jpg,161601,facebook,video,https://storage.googleapis.com/synthetic-propaganda-il-2026-post-media/posts/161601/video.mp4,2503,83.43,3,"[0.9088, 0.8468, 0.7567]",1280,720,30b1616360606160
few_people,12,few_people_012_post182894,few_people/few_people_012_post182894.jpg,182894,facebook,image,https://storage.googleapis.com/synthetic-propaganda-il-2026-post-media/posts/182894/poster.jpg,,,2,"[0.872, 0.842]",720,1280,0707637337737373
few_people,13,few_people_013_post153255,few_people/few_people_013_post153255.jpg,153255,facebook,image,https://storage.googleapis.com/synthetic-propaganda-il-2026-post-media/posts/153255/poster.jpg,,,2,"[0.895, 0.8762]",720,1280,f8f00c2c5d97f05c
few_people,14,few_people_014_post183325_f584,few_people/few_people_014_post183325_f584.jpg,183325,instagram,video,https://storage.googleapis.com/synthetic-propaganda-il-2026-post-media/posts/183325/video.mp4,584,19.47,2,"[0.8458, 0.8242]",720,1280,316571ccccccccc8
few_people,15,few_people_015_post183325_f119,few_people/few_people_015_post183325_f119.jpg,183325,instagram,video,https://storage.googleapis.com/synthetic-propaganda-il-2026-post-media/posts/183325/video.mp4,119,3.97,5,"[0.8899, 0.8138, 0.8114, 0.7902, 0.7537]",720,1280,011fbb979ac894cd
few_people,16,few_people_016_post130820,few_people/few_people_016_post130820.jpg,130820,facebook,image,https://storage.googleapis.com/synthetic-propaganda-il-2026-post-media/posts/130820/image.jpg,,,2,"[0.8088, 0.7018]",512,640,30fc6c66e8d0aacc
few_people,17,few_people_017_post169192,few_people/few_people_017_post169192.jpg,169192,facebook,image,https://storage.googleapis.com/synthetic-propaganda-il-2026-post-media/posts/169192/image.jpg,,,4,"[0.8538, 0.7186, 0.7099, 0.6025]",490,255,6475362ea732d363
few_people,18,few_people_018_post185657,few_people/few_people_018_post185657.jpg,185657,facebook,image,https://storage.googleapis.com/synthetic-propaganda-il-2026-post-media/posts/185657/image.jpg,,,2,"[0.845, 0.8268]",512,640,7accc8c84ae0f63a
few_people,19,few_people_019_post169606,few_people/few_people_019_post169606.jpg,169606,facebook,image,https://storage.googleapis.com/synthetic-propaganda-il-2026-post-media/posts/169606/poster.jpg,,,2,"[0.8496, 0.7783]",720,1280,cadc7b6d4fee4726
few_people,20,few_people_020_post164604,few_people/few_people_020_post164604.jpg,164604,facebook,image,https://storage.googleapis.com/synthetic-propaganda-il-2026-post-media/posts/164604/image.jpg,,,2,"[0.7952, 0.7639]",810,540,d8f6dada91999982
few_people,21,few_people_021_post180410_f1236,few_people/few_people_021_post180410_f1236.jpg,180410,facebook,video,https://storage.googleapis.com/synthetic-propaganda-il-2026-post-media/posts/180410/video.mp4,1236,41.2,2,"[0.8711, 0.8084]",720,1280,e0e0e6e0e06c7408
few_people,22,few_people_022_post156821_f188,few_people/few_people_022_post156821_f188.jpg,156821,tiktok,video,https://storage.googleapis.com/synthetic-propaganda-il-2026-post-media/posts/156821/video.mp4,188,6.27,3,"[0.8975, 0.8142, 0.8135]",576,1024,7330efe5d1c60208
few_people,23,few_people_023_post159910,few_people/few_people_023_post159910.jpg,159910,facebook,image,https://storage.googleapis.com/synthetic-propaganda-il-2026-post-media/posts/159910/image.jpg,,,2,"[0.8197, 0.6963]",501,720,1e9eccde74ec1ecb
few_people,24,few_people_024_post183061_f376,few_people/few_people_024_post183061_f376.jpg,183061,instagram,video,https://storage.googleapis.com/synthetic-propaganda-il-2026-post-media/posts/183061/video.mp4,376,15.04,3,"[0.8158, 0.7443, 0.7301]",720,1280,6b59d9e790d8f677
few_people,25,few_people_025_post183061_f563,few_people/few_people_025_post183061_f563.jpg,183061,instagram,video,https://storage.googleapis.com/synthetic-propaganda-il-2026-post-media/posts/183061/video.mp4,563,22.52,2,"[0.8889, 0.8852]",720,1280,d1c5c09040142736
few_people,26,few_people_026_post183061_f127,few_people/few_people_026_post183061_f127.jpg,183061,instagram,video,https://storage.googleapis.com/synthetic-propaganda-il-2026-post-media/posts/183061/video.mp4,127,5.08,2,"[0.8663, 0.7538]",720,1280,0c8c8c744b274765
few_people,27,few_people_027_post175014,few_people/few_people_027_post175014.jpg,175014,facebook,image,https://storage.googleapis.com/synthetic-propaganda-il-2026-post-media/posts/175014/image.jpg,,,6,"[0.8979, 0.8179, 0.793, 0.7896, 0.7752, 0.6114]",512,640,d4f43d1fae6e669e
few_people,28,few_people_028_post145140_f995,few_people/few_people_028_post145140_f995.jpg,145140,tiktok,video,https://storage.googleapis.com/synthetic-propaganda-il-2026-post-media/posts/145140/video.mp4,995,33.17,2,"[0.9152, 0.8589]",576,1024,181c18cfda64e324
few_people,29,few_people_029_post145140_f129,few_people/few_people_029_post145140_f129.jpg,145140,tiktok,video,https://storage.googleapis.com/synthetic-propaganda-il-2026-post-media/posts/145140/video.mp4,129,4.3,3,"[0.8681, 0.814, 0.7364]",576,1024,c504844c6ce6e724
few_people,30,few_people_030_post145140_f377,few_people/few_people_030_post145140_f377.jpg,145140,tiktok,video,https://storage.googleapis.com/synthetic-propaganda-il-2026-post-media/posts/145140/video.mp4,377,12.57,2,"[0.8986, 0.8618]",576,1024,d1e1515dd71a4624
few_people,31,few_people_031_post166680_f363,few_people/few_people_031_post166680_f363.jpg,166680,tiktok,video,https://storage.googleapis.com/synthetic-propaganda-il-2026-post-media/posts/166680/video.mp4,363,12.1,2,"[0.8731, 0.7917]",576,1024,0181ec5cda80153c
few_people,32,few_people_032_post166680_f483,few_people/few_people_032_post166680_f483.jpg,166680,tiktok,video,https://storage.googleapis.com/synthetic-propaganda-il-2026-post-media/posts/166680/video.mp4,483,16.1,3,"[0.7673, 0.6475, 0.6181]",576,1024,0784e3c2971a941a
few_people,33,few_people_033_post188896,few_people/few_people_033_post188896.jpg,188896,facebook,image,https://storage.googleapis.com/synthetic-propaganda-il-2026-post-media/posts/188896/image.jpg,,,3,"[0.7819, 0.7469, 0.7358]",500,261,f5525236b634b523
few_people,34,few_people_034_post135503,few_people/few_people_034_post135503.jpg,135503,instagram,image,https://storage.googleapis.com/synthetic-propaganda-il-2026-post-media/posts/135503/poster.jpg,,,3,"[0.8643, 0.8512, 0.812]",576,1024,d0d83e7f76697db3
few_people,35,few_people_035_post134257,few_people/few_people_035_post134257.jpg,134257,instagram,image,https://storage.googleapis.com/synthetic-propaganda-il-2026-post-media/posts/134257/image.jpg,,,2,"[0.8879, 0.8193]",548,640,e669a6cbc9cd6767
few_people,36,few_people_036_post171333,few_people/few_people_036_post171333.jpg,171333,facebook,image,https://storage.googleapis.com/synthetic-propaganda-il-2026-post-media/posts/171333/image.jpg,,,6,"[0.8983, 0.8955, 0.8945, 0.8811, 0.8743, 0.873]",512,640,dadce85ca8dad6b5
few_people,37,few_people_037_post138085_f639,few_people/few_people_037_post138085_f639.jpg,138085,tiktok,video,https://storage.googleapis.com/synthetic-propaganda-il-2026-post-media/posts/138085/video.mp4,639,21.3,2,"[0.8269, 0.8255]",576,1024,b0861b4dc3e3e3d2
few_people,38,few_people_038_post150799,few_people/few_people_038_post150799.jpg,150799,instagram,image,https://storage.googleapis.com/synthetic-propaganda-il-2026-post-media/posts/150799/image.jpg,,,2,"[0.8432, 0.8393]",512,640,5b113919c9c99192
few_people,39,few_people_039_post176028,few_people/few_people_039_post176028.jpg,176028,x,image,https://storage.googleapis.com/synthetic-propaganda-il-2026-post-media/posts/176028/image.jpg,,,2,"[0.8567, 0.8355]",968,1200,461b2f2f1f0f333f
few_people,40,few_people_040_post173694,few_people/few_people_040_post173694.jpg,173694,x,image,https://storage.googleapis.com/synthetic-propaganda-il-2026-post-media/posts/173694/image.jpg,,,5,"[0.8793, 0.7927, 0.7747, 0.6008, 0.5312]",1200,1200,9490bc3bd358c5a2
few_people,41,few_people_041_post149053_f2922,few_people/few_people_041_post149053_f2922.jpg,149053,x,video,https://storage.googleapis.com/synthetic-propaganda-il-2026-post-media/posts/149053/video.mp4,2922,116.88,3,"[0.8798, 0.8666, 0.8649]",1920,1080,1e9292a2d2c2c0ba
few_people,42,few_people_042_post149053_f595,few_people/few_people_042_post149053_f595.jpg,149053,x,video,https://storage.googleapis.com/synthetic-propaganda-il-2026-post-media/posts/149053/video.mp4,595,23.8,2,"[0.8509, 0.8213]",1920,1080,969f9c989b939896
few_people,43,few_people_043_post132906,few_people/few_people_043_post132906.jpg,132906,x,image,https://storage.googleapis.com/synthetic-propaganda-il-2026-post-media/posts/132906/image.jpg,,,2,"[0.8458, 0.7588]",1200,677,61e1e1e1caf0bcd0
few_people,46,few_people_046_post176709,few_people/few_people_046_post176709.jpg,176709,facebook,image,https://storage.googleapis.com/synthetic-propaganda-il-2026-post-media/posts/176709/image.jpg,,,4,"[0.8882, 0.881, 0.8457, 0.6993]",526,526,149054d3d1949ad0
few_people,47,few_people_047_post188500_f457,few_people/few_people_047_post188500_f457.jpg,188500,instagram,video,https://storage.googleapis.com/synthetic-propaganda-il-2026-post-media/posts/188500/video.mp4,457,15.23,2,"[0.8611, 0.6922]",720,1280,b831b2922a36aa71
few_people,48,few_people_048_post191092_f1478,few_people/few_people_048_post191092_f1478.jpg,191092,tiktok,video,https://storage.googleapis.com/synthetic-propaganda-il-2026-post-media/posts/191092/video.mp4,1478,49.27,2,"[0.8364, 0.683]",576,1024,9c1f94e8e8ee0c60
few_people,49,few_people_049_post178782_f339,few_people/few_people_049_post178782_f339.jpg,178782,instagram,video,https://storage.googleapis.com/synthetic-propaganda-il-2026-post-media/posts/178782/video.mp4,339,14.14,4,"[0.8982, 0.8938, 0.8278, 0.8066]",720,1280,cab4f2cdbcc3c5f2
few_people,50,few_people_050_post178782_f506,few_people/few_people_050_post178782_f506.jpg,178782,instagram,video,https://storage.googleapis.com/synthetic-propaganda-il-2026-post-media/posts/178782/video.mp4,506,21.1,2,"[0.8825, 0.8333]",720,1280,661f61323c9c9ef0
few_people,52,few_people_052_post161945,few_people/few_people_052_post161945.jpg,161945,facebook,image,https://storage.googleapis.com/synthetic-propaganda-il-2026-post-media/posts/161945/image.jpg,,,2,"[0.8693, 0.7997]",406,405,e376126a4f6e470c
few_people,53,few_people_053_post144668,few_people/few_people_053_post144668.jpg,144668,x,image,https://storage.googleapis.com/synthetic-propaganda-il-2026-post-media/posts/144668/image.jpg,,,3,"[0.8758, 0.8385, 0.7308]",960,1200,1252ebe8e40e735f
few_people,54,few_people_054_post142282,few_people/few_people_054_post142282.jpg,142282,x,image,https://storage.googleapis.com/synthetic-propaganda-il-2026-post-media/posts/142282/poster.jpg,,,2,"[0.8618, 0.7122]",1080,1920,ff33d0da9b97d2f6
few_people,55,few_people_055_post129735,few_people/few_people_055_post129735.jpg,129735,instagram,image,https://storage.googleapis.com/synthetic-propaganda-il-2026-post-media/posts/129735/image.jpg,,,4,"[0.8697, 0.851, 0.8168, 0.6794]",512,640,4484929dc4dae881
few_people,56,few_people_056_post169345,few_people/few_people_056_post169345.jpg,169345,facebook,image,https://storage.googleapis.com/synthetic-propaganda-il-2026-post-media/posts/169345/poster.jpg,,,2,"[0.8408, 0.8053]",720,1280,212016ceedccc70f
few_people,57,few_people_057_post178623_f499,few_people/few_people_057_post178623_f499.jpg,178623,instagram,video,https://storage.googleapis.com/synthetic-propaganda-il-2026-post-media/posts/178623/video.mp4,499,16.63,2,"[0.8999, 0.8847]",720,1280,840c8df224376765
few_people,59,few_people_059_post178623_f797,few_people/few_people_059_post178623_f797.jpg,178623,instagram,video,https://storage.googleapis.com/synthetic-propaganda-il-2026-post-media/posts/178623/video.mp4,797,26.57,2,"[0.9215, 0.8933]",720,1280,c184ccf1717577b2
few_people,60,few_people_060_post154373_f342,few_people/few_people_060_post154373_f342.jpg,154373,instagram,video,https://storage.googleapis.com/synthetic-propaganda-il-2026-post-media/posts/154373/video.mp4,342,11.4,2,"[0.7733, 0.6313]",720,1280,79b8dc545fd065e3
few_people,61,few_people_061_post154373_f69,few_people/few_people_061_post154373_f69.jpg,154373,instagram,video,https://storage.googleapis.com/synthetic-propaganda-il-2026-post-media/posts/154373/video.mp4,69,2.3,3,"[0.8643, 0.8092, 0.6116]",720,1280,8e028c5e58c2e7e1
few_people,63,few_people_063_post181178_f2297,few_people/few_people_063_post181178_f2297.jpg,181178,facebook,video,https://storage.googleapis.com/synthetic-propaganda-il-2026-post-media/posts/181178/video.mp4,2297,91.88,2,"[0.8326, 0.8286]",720,1280,a6e6970d7f8384a8
few_people,64,few_people_064_post179914,few_people/few_people_064_post179914.jpg,179914,facebook,image,https://storage.googleapis.com/synthetic-propaganda-il-2026-post-media/posts/179914/image.jpg,,,2,"[0.8312, 0.8291]",624,383,4929236155d383c3
few_people,67,few_people_067_post175060_f2815,few_people/few_people_067_post175060_f2815.jpg,175060,tiktok,video,https://storage.googleapis.com/synthetic-propaganda-il-2026-post-media/posts/175060/video.mp4,2815,93.83,5,"[0.8311, 0.8276, 0.7961, 0.7661, 0.6823]",576,1024,9852416576726619
few_people,68,few_people_068_post171638_f614,few_people/few_people_068_post171638_f614.jpg,171638,facebook,video,https://storage.googleapis.com/synthetic-propaganda-il-2026-post-media/posts/171638/video.mp4,614,20.47,3,"[0.8808, 0.8726, 0.8283]",720,1280,e3e3a2e1a53fb4e1
few_people,69,few_people_069_post171638_f736,few_people/few_people_069_post171638_f736.jpg,171638,facebook,video,https://storage.googleapis.com/synthetic-propaganda-il-2026-post-media/posts/171638/video.mp4,736,24.53,4,"[0.8591, 0.8009, 0.7416, 0.7276]",720,1280,1f4dcec269cf7745
few_people,70,few_people_070_post166177,few_people/few_people_070_post166177.jpg,166177,facebook,image,https://storage.googleapis.com/synthetic-propaganda-il-2026-post-media/posts/166177/image.jpg,,,2,"[0.8886, 0.7235]",512,640,0323717327556b69
few_people,71,few_people_071_post185636_f705,few_people/few_people_071_post185636_f705.jpg,185636,facebook,video,https://storage.googleapis.com/synthetic-propaganda-il-2026-post-media/posts/185636/video.mp4,705,23.5,2,"[0.6968, 0.6655]",720,1280,e0aa20a22204e423
few_people,72,few_people_072_post185636_f1056,few_people/few_people_072_post185636_f1056.jpg,185636,facebook,video,https://storage.googleapis.com/synthetic-propaganda-il-2026-post-media/posts/185636/video.mp4,1056,35.2,2,"[0.7423, 0.6777]",720,1280,7bfb5fd6afa1ac8d
few_people,73,few_people_073_post185636_f968,few_people/few_people_073_post185636_f968.jpg,185636,facebook,video,https://storage.googleapis.com/synthetic-propaganda-il-2026-post-media/posts/185636/video.mp4,968,32.27,2,"[0.7347, 0.5036]",720,1280,f8aece6fdcd85811
few_people,74,few_people_074_post185561,few_people/few_people_074_post185561.jpg,185561,facebook,image,https://storage.googleapis.com/synthetic-propaganda-il-2026-post-media/posts/185561/image.jpg,,,2,"[0.8502, 0.7494]",500,261,4c6c2c6868195533
few_people,75,few_people_075_post174352,few_people/few_people_075_post174352.jpg,174352,instagram,image,https://storage.googleapis.com/synthetic-propaganda-il-2026-post-media/posts/174352/poster.jpg,,,2,"[0.8882, 0.8186]",720,1280,8ee63733a3e25312
few_people,76,few_people_076_post161579,few_people/few_people_076_post161579.jpg,161579,facebook,image,https://storage.googleapis.com/synthetic-propaganda-il-2026-post-media/posts/161579/image.jpg,,,2,"[0.8413, 0.6538]",512,640,c3196d65e799e89c
few_people,77,few_people_077_post147951,few_people/few_people_077_post147951.jpg,147951,x,image,https://storage.googleapis.com/synthetic-propaganda-il-2026-post-media/posts/147951/image.jpg,,,3,"[0.8199, 0.7329, 0.7248]",1200,630,90939697b5a5a26c
few_people,78,few_people_078_post145138,few_people/few_people_078_post145138.jpg,145138,instagram,image,https://storage.googleapis.com/synthetic-propaganda-il-2026-post-media/posts/145138/image.jpg,,,2,"[0.8897, 0.8732]",640,640,13d7c7d797955559
few_people,79,few_people_079_post186873,few_people/few_people_079_post186873.jpg,186873,facebook,image,https://storage.googleapis.com/synthetic-propaganda-il-2026-post-media/posts/186873/image.jpg,,,3,"[0.8906, 0.8772, 0.8683]",464,348,35b5958d8c84656c
few_people,80,few_people_080_post137282_f3315,few_people/few_people_080_post137282_f3315.jpg,137282,x,video,https://storage.googleapis.com/synthetic-propaganda-il-2026-post-media/posts/137282/video.mp4,3315,55.25,2,"[0.7751, 0.7486]",640,352,49899b33332327d6
few_people,81,few_people_081_post178245,few_people/few_people_081_post178245.jpg,178245,facebook,image,https://storage.googleapis.com/synthetic-propaganda-il-2026-post-media/posts/178245/image.jpg,,,2,"[0.8123, 0.7895]",512,640,31093d5955536969
few_people,82,few_people_082_post150615_f916,few_people/few_people_082_post150615_f916.jpg,150615,instagram,video,https://storage.googleapis.com/synthetic-propaganda-il-2026-post-media/posts/150615/video.mp4,916,30.53,5,"[0.7806, 0.7316, 0.6629, 0.6538, 0.6165]",720,1280,6607d8c58dc766c4
few_people,83,few_people_083_post150615_f1119,few_people/few_people_083_post150615_f1119.jpg,150615,instagram,video,https://storage.googleapis.com/synthetic-propaganda-il-2026-post-media/posts/150615/video.mp4,1119,37.3,2,"[0.6872, 0.5393]",720,1280,a8b07511312309e1
few_people,84,few_people_084_post161477_f1173,few_people/few_people_084_post161477_f1173.jpg,161477,x,video,https://storage.googleapis.com/synthetic-propaganda-il-2026-post-media/posts/161477/video.mp4,1173,39.11,2,"[0.7846, 0.7733]",576,1024,0081d5d687857550
few_people,85,few_people_085_post161477_f1433,few_people/few_people_085_post161477_f1433.jpg,161477,x,video,https://storage.googleapis.com/synthetic-propaganda-il-2026-post-media/posts/161477/video.mp4,1433,47.78,2,"[0.8099, 0.5816]",576,1024,0204d847e763635a
few_people,86,few_people_086_post179557,few_people/few_people_086_post179557.jpg,179557,instagram,image,https://storage.googleapis.com/synthetic-propaganda-il-2026-post-media/posts/179557/image.jpg,,,6,"[0.8749, 0.8552, 0.803, 0.789, 0.7809, 0.7579]",512,640,6cbcdc4cb2b8a482
few_people,87,few_people_087_post139678,few_people/few_people_087_post139678.jpg,139678,x,image,https://storage.googleapis.com/synthetic-propaganda-il-2026-post-media/posts/139678/poster.jpg,,,3,"[0.8614, 0.6792, 0.5508]",1920,1080,8f7a2c262d63a2ec
few_people,89,few_people_089_post195757_f1519,few_people/few_people_089_post195757_f1519.jpg,195757,facebook,video,https://storage.googleapis.com/synthetic-propaganda-il-2026-post-media/posts/195757/video.mp4,1519,60.76,6,"[0.8744, 0.8659, 0.7347, 0.7272, 0.6927, 0.6362]",1280,720,595034a5a4a6a4ac
few_people,90,few_people_090_post195757_f460,few_people/few_people_090_post195757_f460.jpg,195757,facebook,video,https://storage.googleapis.com/synthetic-propaganda-il-2026-post-media/posts/195757/video.mp4,460,18.4,2,"[0.816, 0.7281]",1280,720,8391b3b1b9717071
few_people,91,few_people_091_post166794,few_people/few_people_091_post166794.jpg,166794,tiktok,image,https://storage.googleapis.com/synthetic-propaganda-il-2026-post-media/posts/166794/poster.jpg,,,2,"[0.8134, 0.7906]",576,1024,30e26174e0041600
few_people,92,few_people_092_post141400,few_people/few_people_092_post141400.jpg,141400,facebook,image,https://storage.googleapis.com/synthetic-propaganda-il-2026-post-media/posts/141400/poster.jpg,,,2,"[0.9018, 0.8733]",720,1280,5236163237366071
few_people,93,few_people_093_post144425,few_people/few_people_093_post144425.jpg,144425,x,image,https://storage.googleapis.com/synthetic-propaganda-il-2026-post-media/posts/144425/image.jpg,,,2,"[0.8727, 0.779]",642,361,20487878387444c4
few_people,94,few_people_094_post189453,few_people/few_people_094_post189453.jpg,189453,instagram,image,https://storage.googleapis.com/synthetic-propaganda-il-2026-post-media/posts/189453/image.jpg,,,2,"[0.885, 0.8045]",512,640,b06263b6f2e5c4d9
few_people,95,few_people_095_post141350,few_people/few_people_095_post141350.jpg,141350,instagram,image,https://storage.googleapis.com/synthetic-propaganda-il-2026-post-media/posts/141350/image.jpg,,,5,"[0.8874, 0.7983, 0.7472, 0.7469, 0.7302]",573,640,f2bc38f63cb2276e
few_people,96,few_people_096_post143214_f1016,few_people/few_people_096_post143214_f1016.jpg,143214,instagram,video,https://storage.googleapis.com/synthetic-propaganda-il-2026-post-media/posts/143214/video.mp4,1016,33.87,2,"[0.9001, 0.7248]",720,1280,96dc564ac3cb6c4c
few_people,97,few_people_097_post190544_f1057,few_people/few_people_097_post190544_f1057.jpg,190544,instagram,video,https://storage.googleapis.com/synthetic-propaganda-il-2026-post-media/posts/190544/video.mp4,1057,35.23,3,"[0.8285, 0.8153, 0.7816]",720,1280,298d9e380cbccedc
few_people,98,few_people_098_post171816_f134,few_people/few_people_098_post171816_f134.jpg,171816,facebook,video,https://storage.googleapis.com/synthetic-propaganda-il-2026-post-media/posts/171816/video.mp4,134,4.47,3,"[0.8865, 0.862, 0.6808]",720,1280,506543499846c0f0
few_people,99,few_people_099_post171816_f519,few_people/few_people_099_post171816_f519.jpg,171816,facebook,video,https://storage.googleapis.com/synthetic-propaganda-il-2026-post-media/posts/171816/video.mp4,519,17.3,6,"[0.9185, 0.8802, 0.8563, 0.8432, 0.7879, 0.736]",720,1280,ee8bd2279739c0f0
few_people,100,few_people_100_post180563,few_people/few_people_100_post180563.jpg,180563,instagram,image,https://storage.googleapis.com/synthetic-propaganda-il-2026-post-media/posts/180563/image.jpg,,,3,"[0.8728, 0.8719, 0.8222]",512,640,6112662828dccccd
few_people,102,few_people_102_post183510_f485,few_people/few_people_102_post183510_f485.jpg,183510,facebook,video,https://storage.googleapis.com/synthetic-propaganda-il-2026-post-media/posts/183510/video.mp4,485,16.17,2,"[0.7649, 0.6175]",720,1280,b0e0e84039f5b2f0
few_people,104,few_people_104_post165654_f218,few_people/few_people_104_post165654_f218.jpg,165654,tiktok,video,https://storage.googleapis.com/synthetic-propaganda-il-2026-post-media/posts/165654/video.mp4,218,7.27,2,"[0.6971, 0.6118]",1080,1920,b290e073736288c2
few_people,105,few_people_105_post165654_f146,few_people/few_people_105_post165654_f146.jpg,165654,tiktok,video,https://storage.googleapis.com/synthetic-propaganda-il-2026-post-media/posts/165654/video.mp4,146,4.87,3,"[0.8134, 0.8031, 0.6065]",1080,1920,b2963eb696aaa22a
few_people,106,few_people_106_post165654_f182,few_people/few_people_106_post165654_f182.jpg,165654,tiktok,video,https://storage.googleapis.com/synthetic-propaganda-il-2026-post-media/posts/165654/video.mp4,182,6.07,2,"[0.8437, 0.688]",1080,1920,b28ab2278d6575eb
few_people,107,few_people_107_post152598,few_people/few_people_107_post152598.jpg,152598,instagram,image,https://storage.googleapis.com/synthetic-propaganda-il-2026-post-media/posts/152598/poster.jpg,,,2,"[0.8739, 0.844]",720,1280,c08767a7bcb0c8cc
few_people,108,few_people_108_post135462_f1241,few_people/few_people_108_post135462_f1241.jpg,135462,x,video,https://storage.googleapis.com/synthetic-propaganda-il-2026-post-media/posts/135462/video.mp4,1241,41.5,4,"[0.8928, 0.8515, 0.8323, 0.8134]",640,360,eeaeda5d29393a3f
few_people,109,few_people_109_post136606_f427,few_people/few_people_109_post136606_f427.jpg,136606,facebook,video,https://storage.googleapis.com/synthetic-propaganda-il-2026-post-media/posts/136606/video.mp4,427,17.08,2,"[0.7152, 0.7044]",720,1280,c20a2b19a07155cd
few_people,110,few_people_110_post153357_f2981,few_people/few_people_110_post153357_f2981.jpg,153357,facebook,video,https://storage.googleapis.com/synthetic-propaganda-il-2026-post-media/posts/153357/video.mp4,2981,99.47,2,"[0.6499, 0.617]",720,1280,bf93de5e8ab2f16b
few_people,111,few_people_111_post153357_f2441,few_people/few_people_111_post153357_f2441.jpg,153357,facebook,video,https://storage.googleapis.com/synthetic-propaganda-il-2026-post-media/posts/153357/video.mp4,2441,81.45,2,"[0.7236, 0.7223]",720,1280,87c72b83c254e193
few_people,112,few_people_112_post153357_f2171,few_people/few_people_112_post153357_f2171.jpg,153357,facebook,video,https://storage.googleapis.com/synthetic-propaganda-il-2026-post-media/posts/153357/video.mp4,2171,72.44,3,"[0.7488, 0.661, 0.6065]",720,1280,074626868d95b156
few_people,113,few_people_113_post191330_f1948,few_people/few_people_113_post191330_f1948.jpg,191330,tiktok,video,https://storage.googleapis.com/synthetic-propaganda-il-2026-post-media/posts/191330/video.mp4,1948,64.93,2,"[0.8844, 0.853]",576,1024,00e2e23b63720600
few_people,114,few_people_114_post155099_f278,few_people/few_people_114_post155099_f278.jpg,155099,instagram,video,https://storage.googleapis.com/synthetic-propaganda-il-2026-post-media/posts/155099/video.mp4,278,9.27,3,"[0.8987, 0.8594, 0.718]",720,1280,71b3ebe2e0ec0410
few_people,117,few_people_117_post192253_f978,few_people/few_people_117_post192253_f978.jpg,192253,instagram,video,https://storage.googleapis.com/synthetic-propaganda-il-2026-post-media/posts/192253/video.mp4,978,39.12,2,"[0.8617, 0.7116]",720,1280,0e6d6d2b9bba9a9b
few_people,119,few_people_119_post129851,few_people/few_people_119_post129851.jpg,129851,tiktok,image,https://storage.googleapis.com/synthetic-propaganda-il-2026-post-media/posts/129851/poster.jpg,,,2,"[0.7553, 0.7374]",1080,1920,8e505425e0e868c6
few_people,120,few_people_120_post143186_f1048,few_people/few_people_120_post143186_f1048.jpg,143186,tiktok,video,https://storage.googleapis.com/synthetic-propaganda-il-2026-post-media/posts/143186/video.mp4,1048,34.93,2,"[0.8866, 0.8836]",694,360,a7bcbabadade869b
few_people,121,few_people_121_post141954_f602,few_people/few_people_121_post141954_f602.jpg,141954,instagram,video,https://storage.googleapis.com/synthetic-propaganda-il-2026-post-media/posts/141954/video.mp4,602,24.08,3,"[0.8987, 0.8979, 0.5183]",1280,720,68647467d6cb91f3
few_people,122,few_people_122_post141954_f750,few_people/few_people_122_post141954_f750.jpg,141954,instagram,video,https://storage.googleapis.com/synthetic-propaganda-il-2026-post-media/posts/141954/video.mp4,750,30.0,2,"[0.8757, 0.8225]",1280,720,9eda53d6deb07969
few_people,123,few_people_123_post141954_f1792,few_people/few_people_123_post141954_f1792.jpg,141954,instagram,video,https://storage.googleapis.com/synthetic-propaganda-il-2026-post-media/posts/141954/video.mp4,1792,71.68,3,"[0.8982, 0.8938, 0.5757]",1280,720,e068686ecfdfe8ea
few_people,125,few_people_125_post156297_f514,few_people/few_people_125_post156297_f514.jpg,156297,x,video,https://storage.googleapis.com/synthetic-propaganda-il-2026-post-media/posts/156297/video.mp4,514,17.13,2,"[0.8925, 0.8693]",464,832,a0acdccca4e8b0b2
few_people,127,few_people_127_post189348_f2818,few_people/few_people_127_post189348_f2818.jpg,189348,instagram,video,https://storage.googleapis.com/synthetic-propaganda-il-2026-post-media/posts/189348/video.mp4,2818,93.93,2,"[0.8347, 0.8019]",912,594,6b23e3b8d8d9fbeb
few_people,128,few_people_128_post156627,few_people/few_people_128_post156627.jpg,156627,tiktok,image,https://storage.googleapis.com/synthetic-propaganda-il-2026-post-media/posts/156627/image.jpg,,,2,"[0.8664, 0.8487]",1080,1350,829c8d9989ccd868
few_people,129,few_people_129_post171930_f29,few_people/few_people_129_post171930_f29.jpg,171930,instagram,video,https://storage.googleapis.com/synthetic-propaganda-il-2026-post-media/posts/171930/video.mp4,29,0.97,3,"[0.8705, 0.7717, 0.6486]",720,1280,2c06079b5bb62fdb
few_people,130,few_people_130_post145552,few_people/few_people_130_post145552.jpg,145552,instagram,image,https://storage.googleapis.com/synthetic-propaganda-il-2026-post-media/posts/145552/poster.jpg,,,2,"[0.8933, 0.823]",720,1280,8c0e20203c595b79
few_people,131,few_people_131_post194986,few_people/few_people_131_post194986.jpg,194986,facebook,image,https://storage.googleapis.com/synthetic-propaganda-il-2026-post-media/posts/194986/poster.jpg,,,2,"[0.9014, 0.8078]",720,1280,6070ca8dc9d17335
few_people,132,few_people_132_post166362,few_people/few_people_132_post166362.jpg,166362,x,image,https://storage.googleapis.com/synthetic-propaganda-il-2026-post-media/posts/166362/image.png,,,3,"[0.8919, 0.891, 0.8692]",642,361,eac2c2c34999912f
few_people,133,few_people_133_post179385,few_people/few_people_133_post179385.jpg,179385,facebook,image,https://storage.googleapis.com/synthetic-propaganda-il-2026-post-media/posts/179385/image.jpg,,,4,"[0.9047, 0.875, 0.8711, 0.5934]",512,640,2a2b2e36b1369ac1
few_people,136,few_people_136_post184697,few_people/few_people_136_post184697.jpg,184697,instagram,image,https://storage.googleapis.com/synthetic-propaganda-il-2026-post-media/posts/184697/image.jpg,,,4,"[0.8604, 0.8, 0.7477, 0.5573]",512,640,1cbc15c6a2c4f030
few_people,137,few_people_137_post152259,few_people/few_people_137_post152259.jpg,152259,facebook,image,https://storage.googleapis.com/synthetic-propaganda-il-2026-post-media/posts/152259/image.jpg,,,2,"[0.8007, 0.707]",960,540,8717565e53332326
few_people,138,few_people_138_post142365,few_people/few_people_138_post142365.jpg,142365,x,image,https://storage.googleapis.com/synthetic-propaganda-il-2026-post-media/posts/142365/image.jpg,,,2,"[0.8681, 0.8546]",1200,803,e860745e9cccaa94
few_people,139,few_people_139_post140811,few_people/few_people_139_post140811.jpg,140811,facebook,image,https://storage.googleapis.com/synthetic-propaganda-il-2026-post-media/posts/140811/image.jpg,,,4,"[0.7201, 0.686, 0.566, 0.5556]",512,640,c6c1c6594a6692a6
few_people,140,few_people_140_post178515,few_people/few_people_140_post178515.jpg,178515,facebook,image,https://storage.googleapis.com/synthetic-propaganda-il-2026-post-media/posts/178515/image.jpg,,,5,"[0.8896, 0.8875, 0.8734, 0.8727, 0.8655]",960,531,35352d9745256b77
few_people,141,few_people_141_post185060,few_people/few_people_141_post185060.jpg,185060,facebook,image,https://storage.googleapis.com/synthetic-propaganda-il-2026-post-media/posts/185060/poster.jpg,,,2,"[0.8373, 0.7972]",720,1280,6182883231387859
few_people,142,few_people_142_post147549,few_people/few_people_142_post147549.jpg,147549,facebook,image,https://storage.googleapis.com/synthetic-propaganda-il-2026-post-media/posts/147549/poster.jpg,,,2,"[0.8784, 0.7766]",720,1280,1e8e8eae8ea68721
few_people,143,few_people_143_post173689,few_people/few_people_143_post173689.jpg,173689,x,image,https://storage.googleapis.com/synthetic-propaganda-il-2026-post-media/posts/173689/poster.jpg,,,3,"[0.9022, 0.8849, 0.8358]",1920,886,d6c480a6a0bce0e0
few_people,144,few_people_144_post129953,few_people/few_people_144_post129953.jpg,129953,tiktok,image,https://storage.googleapis.com/synthetic-propaganda-il-2026-post-media/posts/129953/poster.jpg,,,2,"[0.8961, 0.8586]",1080,1920,f230ae2675600611
few_people,145,few_people_145_post128602,few_people/few_people_145_post128602.jpg,128602,instagram,image,https://storage.googleapis.com/synthetic-propaganda-il-2026-post-media/posts/128602/poster.jpg,,,2,"[0.8881, 0.87]",640,360,76b6b6b7113395ff
few_people,146,few_people_146_post137240,few_people/few_people_146_post137240.jpg,137240,facebook,image,https://storage.googleapis.com/synthetic-propaganda-il-2026-post-media/posts/137240/image.jpg,,,2,"[0.8469, 0.7833]",565,504,9cda9c9c180b1dcd
few_people,147,few_people_147_post185269,few_people/few_people_147_post185269.jpg,185269,instagram,image,https://storage.googleapis.com/synthetic-propaganda-il-2026-post-media/posts/185269/poster.jpg,,,2,"[0.8926, 0.8376]",720,1280,c0fced74f0c8d858
few_people,148,few_people_148_post144987,few_people/few_people_148_post144987.jpg,144987,facebook,image,https://storage.googleapis.com/synthetic-propaganda-il-2026-post-media/posts/144987/image.jpg,,,3,"[0.8741, 0.8559, 0.8542]",810,540,373f2a6b676b5916
few_people,149,few_people_149_post137574,few_people/few_people_149_post137574.jpg,137574,facebook,image,https://storage.googleapis.com/synthetic-propaganda-il-2026-post-media/posts/137574/image.jpg,,,2,"[0.9132, 0.8241]",960,1280,f9fdfdf9f9e3ac8a
one_person,1,one_person_001_post165772,one_person/one_person_001_post165772.jpg,165772,facebook,image,https://storage.googleapis.com/synthetic-propaganda-il-2026-post-media/posts/165772/image.jpg,,,1,[0.8959],512,640,b852133190f8caa2
one_person,2,one_person_002_post132599_f2004,one_person/one_person_002_post132599_f2004.jpg,132599,x,video,https://storage.googleapis.com/synthetic-propaganda-il-2026-post-media/posts/132599/video.mp4,2004,40.08,1,[0.7824],1280,720,343636360a0b0989
one_person,3,one_person_003_post160230,one_person/one_person_003_post160230.jpg,160230,x,image,https://storage.googleapis.com/synthetic-propaganda-il-2026-post-media/posts/160230/poster.jpg,,,1,[0.8606],1080,1920,042ff16869e8f1f0
one_person,4,one_person_004_post152741_f571,one_person/one_person_004_post152741_f571.jpg,152741,instagram,video,https://storage.googleapis.com/synthetic-propaganda-il-2026-post-media/posts/152741/video.mp4,571,19.03,1,[0.8732],720,1280,4e8e0c2c34201c09
one_person,5,one_person_005_post152741_f106,one_person/one_person_005_post152741_f106.jpg,152741,instagram,video,https://storage.googleapis.com/synthetic-propaganda-il-2026-post-media/posts/152741/video.mp4,106,3.53,1,[0.8532],720,1280,1c3c1c3426363238
one_person,6,one_person_006_post152741_f416,one_person/one_person_006_post152741_f416.jpg,152741,instagram,video,https://storage.googleapis.com/synthetic-propaganda-il-2026-post-media/posts/152741/video.mp4,416,13.87,1,[0.8512],720,1280,1d1d3933c3531833
one_person,7,one_person_007_post152795_f1359,one_person/one_person_007_post152795_f1359.jpg,152795,instagram,video,https://storage.googleapis.com/synthetic-propaganda-il-2026-post-media/posts/152795/video.mp4,1359,45.3,1,[0.8726],720,1280,5ede3e7649cb4b1b
one_person,8,one_person_008_post152795_f343,one_person/one_person_008_post152795_f343.jpg,152795,instagram,video,https://storage.googleapis.com/synthetic-propaganda-il-2026-post-media/posts/152795/video.mp4,343,11.43,1,[0.8519],720,1280,a438f6b3b9b3f2c7
one_person,9,one_person_009_post152795_f908,one_person/one_person_009_post152795_f908.jpg,152795,instagram,video,https://storage.googleapis.com/synthetic-propaganda-il-2026-post-media/posts/152795/video.mp4,908,30.27,1,[0.8773],720,1280,347c6cfc12969636
one_person,10,one_person_010_post139447,one_person/one_person_010_post139447.jpg,139447,facebook,image,https://storage.googleapis.com/synthetic-propaganda-il-2026-post-media/posts/139447/image.jpg,,,1,[0.8832],1080,1350,f2a282a2c3f38fc2
one_person,11,one_person_011_post183325_f235,one_person/one_person_011_post183325_f235.jpg,183325,instagram,video,https://storage.googleapis.com/synthetic-propaganda-il-2026-post-media/posts/183325/video.mp4,235,7.83,1,[0.5723],720,1280,8000c5e4f3f2e6f2
one_person,12,one_person_012_post157167,one_person/one_person_012_post157167.jpg,157167,facebook,image,https://storage.googleapis.com/synthetic-propaganda-il-2026-post-media/posts/157167/image.jpg,,,1,[0.8716],500,261,e0d8d0d0d874727a
one_person,14,one_person_014_post139023_f784,one_person/one_person_014_post139023_f784.jpg,139023,facebook,video,https://storage.googleapis.com/synthetic-propaganda-il-2026-post-media/posts/139023/video.mp4,784,32.67,1,[0.8265],720,1280,5e5e1f8f29a4e8f9
one_person,15,one_person_015_post139705_f831,one_person/one_person_015_post139705_f831.jpg,139705,facebook,video,https://storage.googleapis.com/synthetic-propaganda-il-2026-post-media/posts/139705/video.mp4,831,27.7,1,[0.8775],576,720,6bb2f01432323313
one_person,16,one_person_016_post156589,one_person/one_person_016_post156589.jpg,156589,facebook,image,https://storage.googleapis.com/synthetic-propaganda-il-2026-post-media/posts/156589/image.jpg,,,1,[0.8387],526,526,0c24060e1733b6a0
one_person,17,one_person_017_post196001_f839,one_person/one_person_017_post196001_f839.jpg,196001,tiktok,video,https://storage.googleapis.com/synthetic-propaganda-il-2026-post-media/posts/196001/video.mp4,839,27.97,1,[0.7744],1080,1920,b330e26ae2e20000
one_person,18,one_person_018_post173872,one_person/one_person_018_post173872.jpg,173872,x,image,https://storage.googleapis.com/synthetic-propaganda-il-2026-post-media/posts/173872/poster.jpg,,,1,[0.8355],576,1024,d7172e62f5677f3e
one_person,19,one_person_019_post132163_f382,one_person/one_person_019_post132163_f382.jpg,132163,facebook,video,https://storage.googleapis.com/synthetic-propaganda-il-2026-post-media/posts/132163/video.mp4,382,12.73,1,[0.7196],720,1280,0e8e8c8e0a286a60
one_person,20,one_person_020_post132163_f1386,one_person/one_person_020_post132163_f1386.jpg,132163,facebook,video,https://storage.googleapis.com/synthetic-propaganda-il-2026-post-media/posts/132163/video.mp4,1386,46.2,1,[0.7456],720,1280,283361692cbcb8e0
one_person,21,one_person_021_post132163_f884,one_person/one_person_021_post132163_f884.jpg,132163,facebook,video,https://storage.googleapis.com/synthetic-propaganda-il-2026-post-media/posts/132163/video.mp4,884,29.47,1,[0.7937],720,1280,84c5337173b3f260
one_person,23,one_person_023_post141793,one_person/one_person_023_post141793.jpg,141793,x,image,https://storage.googleapis.com/synthetic-propaganda-il-2026-post-media/posts/141793/image.jpg,,,1,[0.8756],1200,628,2e8a1becccc4cccc
one_person,24,one_person_024_post137715,one_person/one_person_024_post137715.jpg,137715,facebook,image,https://storage.googleapis.com/synthetic-propaganda-il-2026-post-media/posts/137715/poster.jpg,,,1,[0.7992],720,1280,3ec60e1b9b898a87
one_person,25,one_person_025_post135628,one_person/one_person_025_post135628.jpg,135628,instagram,image,https://storage.googleapis.com/synthetic-propaganda-il-2026-post-media/posts/135628/image.jpg,,,1,[0.8618],480,640,0e06060623810000
one_person,27,one_person_027_post192174_f1221,one_person/one_person_027_post192174_f1221.jpg,192174,tiktok,video,https://storage.googleapis.com/synthetic-propaganda-il-2026-post-media/posts/192174/video.mp4,1221,48.84,1,[0.8656],576,1024,1606313727338a63
one_person,30,one_person_030_post142550_f1518,one_person/one_person_030_post142550_f1518.jpg,142550,facebook,video,https://storage.googleapis.com/synthetic-propaganda-il-2026-post-media/posts/142550/video.mp4,1518,50.6,1,[0.7998],720,1280,b47064313c324170
one_person,31,one_person_031_post142550_f1381,one_person/one_person_031_post142550_f1381.jpg,142550,facebook,video,https://storage.googleapis.com/synthetic-propaganda-il-2026-post-media/posts/142550/video.mp4,1381,46.03,1,[0.8701],720,1280,b68e4eae1715c436
one_person,32,one_person_032_post141475,one_person/one_person_032_post141475.jpg,141475,instagram,image,https://storage.googleapis.com/synthetic-propaganda-il-2026-post-media/posts/141475/poster.jpg,,,1,[0.7297],720,1280,ebf39b1b1f271c31
one_person,33,one_person_033_post166680_f122,one_person/one_person_033_post166680_f122.jpg,166680,tiktok,video,https://storage.googleapis.com/synthetic-propaganda-il-2026-post-media/posts/166680/video.mp4,122,4.07,1,[0.8607],576,1024,0181f3acf4e88d0f
one_person,34,one_person_034_post159941,one_person/one_person_034_post159941.jpg,159941,x,image,https://storage.googleapis.com/synthetic-propaganda-il-2026-post-media/posts/159941/image.jpg,,,1,[0.9074],909,1200,fa8eb3317173d140
one_person,35,one_person_035_post195525_f11599,one_person/one_person_035_post195525_f11599.jpg,195525,facebook,video,https://storage.googleapis.com/synthetic-propaganda-il-2026-post-media/posts/195525/video.mp4,11599,386.63,1,[0.8861],640,360,cacecec905d58585
one_person,36,one_person_036_post171924,one_person/one_person_036_post171924.jpg,171924,facebook,image,https://storage.googleapis.com/synthetic-propaganda-il-2026-post-media/posts/171924/poster.jpg,,,1,[0.7119],720,1280,78d93c3c34707143
one_person,37,one_person_037_post164807,one_person/one_person_037_post164807.jpg,164807,facebook,image,https://storage.googleapis.com/synthetic-propaganda-il-2026-post-media/posts/164807/image.jpg,,,1,[0.8691],501,720,d0dee8e8cadaceda
one_person,38,one_person_038_post193695_f1949,one_person/one_person_038_post193695_f1949.jpg,193695,facebook,video,https://storage.googleapis.com/synthetic-propaganda-il-2026-post-media/posts/193695/video.mp4,1949,64.97,1,[0.8173],720,1280,8c1e1e2b29a17169
one_person,39,one_person_039_post193695_f660,one_person/one_person_039_post193695_f660.jpg,193695,facebook,video,https://storage.googleapis.com/synthetic-propaganda-il-2026-post-media/posts/193695/video.mp4,660,22.0,1,[0.7947],720,1280,d9bc9c17e1a1d353
one_person,41,one_person_041_post138085_f1093,one_person/one_person_041_post138085_f1093.jpg,138085,tiktok,video,https://storage.googleapis.com/synthetic-propaganda-il-2026-post-media/posts/138085/video.mp4,1093,36.43,1,[0.6948],576,1024,b2a66571e49c2e8c
one_person,42,one_person_042_post138085_f367,one_person/one_person_042_post138085_f367.jpg,138085,tiktok,video,https://storage.googleapis.com/synthetic-propaganda-il-2026-post-media/posts/138085/video.mp4,367,12.23,1,[0.8131],576,1024,b2b211411b8d090a
one_person,43,one_person_043_post171520,one_person/one_person_043_post171520.jpg,171520,x,image,https://storage.googleapis.com/synthetic-propaganda-il-2026-post-media/posts/171520/poster.jpg,,,1,[0.8957],1080,1920,d0e0c69b9fac131c
one_person,45,one_person_045_post167169,one_person/one_person_045_post167169.jpg,167169,x,image,https://storage.googleapis.com/synthetic-propaganda-il-2026-post-media/posts/167169/poster.jpg,,,1,[0.8125],720,1280,1716143d3998b7a5
one_person,46,one_person_046_post173559,one_person/one_person_046_post173559.jpg,173559,facebook,image,https://storage.googleapis.com/synthetic-propaganda-il-2026-post-media/posts/173559/image.jpg,,,1,[0.8476],500,261,fc94909494c8c8f0
one_person,47,one_person_047_post162317,one_person/one_person_047_post162317.jpg,162317,x,image,https://storage.googleapis.com/synthetic-propaganda-il-2026-post-media/posts/162317/image.jpg,,,1,[0.7525],896,1172,d8c88cd63131b268
one_person,48,one_person_048_post155444,one_person/one_person_048_post155444.jpg,155444,facebook,image,https://storage.googleapis.com/synthetic-propaganda-il-2026-post-media/posts/155444/image.jpg,,,1,[0.898],519,590,988c94949a123410
one_person,49,one_person_049_post165055_f1217,one_person/one_person_049_post165055_f1217.jpg,165055,tiktok,video,https://storage.googleapis.com/synthetic-propaganda-il-2026-post-media/posts/165055/video.mp4,1217,40.57,1,[0.8881],576,1024,4c6c4c4c0e2a0e0e
one_person,51,one_person_051_post139787,one_person/one_person_051_post139787.jpg,139787,x,image,https://storage.googleapis.com/synthetic-propaganda-il-2026-post-media/posts/139787/poster.jpg,,,1,[0.7428],576,1024,a730342322a62a0a
one_person,52,one_person_052_post136757,one_person/one_person_052_post136757.jpg,136757,facebook,image,https://storage.googleapis.com/synthetic-propaganda-il-2026-post-media/posts/136757/image.jpg,,,1,[0.6303],500,261,3514149c9c9c143a
one_person,54,one_person_054_post137913,one_person/one_person_054_post137913.jpg,137913,instagram,image,https://storage.googleapis.com/synthetic-propaganda-il-2026-post-media/posts/137913/image.jpg,,,1,[0.9009],512,640,1e25337b39dc0300
one_person,55,one_person_055_post155568_f1807,one_person/one_person_055_post155568_f1807.jpg,155568,instagram,video,https://storage.googleapis.com/synthetic-propaganda-il-2026-post-media/posts/155568/video.mp4,1807,60.23,1,[0.8179],576,1024,7064523a38c94c68
one_person,57,one_person_057_post155568_f1358,one_person/one_person_057_post155568_f1358.jpg,155568,instagram,video,https://storage.googleapis.com/synthetic-propaganda-il-2026-post-media/posts/155568/video.mp4,1358,45.27,1,[0.8673],576,1024,5a18099289b135da
one_person,58,one_person_058_post185576_f295,one_person/one_person_058_post185576_f295.jpg,185576,facebook,video,https://storage.googleapis.com/synthetic-propaganda-il-2026-post-media/posts/185576/video.mp4,295,11.8,1,[0.7858],604,1076,fea565350bd1c1fc
one_person,59,one_person_059_post185576_f858,one_person/one_person_059_post185576_f858.jpg,185576,facebook,video,https://storage.googleapis.com/synthetic-propaganda-il-2026-post-media/posts/185576/video.mp4,858,34.32,1,[0.8969],604,1076,a204520cdecd6430
one_person,60,one_person_060_post168602_f1088,one_person/one_person_060_post168602_f1088.jpg,168602,tiktok,video,https://storage.googleapis.com/synthetic-propaganda-il-2026-post-media/posts/168602/video.mp4,1088,36.27,1,[0.7282],1080,1920,327f73f6e6e79b28
one_person,62,one_person_062_post137665_f716,one_person/one_person_062_post137665_f716.jpg,137665,facebook,video,https://storage.googleapis.com/synthetic-propaganda-il-2026-post-media/posts/137665/video.mp4,716,23.87,1,[0.813],720,1280,1c0c170d0c280f00
one_person,63,one_person_063_post137665_f538,one_person/one_person_063_post137665_f538.jpg,137665,facebook,video,https://storage.googleapis.com/synthetic-propaganda-il-2026-post-media/posts/137665/video.mp4,538,17.93,1,[0.7805],720,1280,58080d5d66f7f300
one_person,64,one_person_064_post137665_f1072,one_person/one_person_064_post137665_f1072.jpg,137665,facebook,video,https://storage.googleapis.com/synthetic-propaganda-il-2026-post-media/posts/137665/video.mp4,1072,35.73,1,[0.791],720,1280,f4b88cb8bcfcfcfc
one_person,65,one_person_065_post188500_f1128,one_person/one_person_065_post188500_f1128.jpg,188500,instagram,video,https://storage.googleapis.com/synthetic-propaganda-il-2026-post-media/posts/188500/video.mp4,1128,37.6,1,[0.8177],720,1280,00903222b28c0080
one_person,67,one_person_067_post182174,one_person/one_person_067_post182174.jpg,182174,facebook,image,https://storage.googleapis.com/synthetic-propaganda-il-2026-post-media/posts/182174/poster.jpg,,,1,[0.7653],720,1280,78f86364c1cfc3c1
one_person,68,one_person_068_post191092_f301,one_person/one_person_068_post191092_f301.jpg,191092,tiktok,video,https://storage.googleapis.com/synthetic-propaganda-il-2026-post-media/posts/191092/video.mp4,301,10.03,1,[0.8574],576,1024,ffff7ebfd9de0c60
one_person,70,one_person_070_post189132,one_person/one_person_070_post189132.jpg,189132,facebook,image,https://storage.googleapis.com/synthetic-propaganda-il-2026-post-media/posts/189132/image.jpg,,,1,[0.8114],526,526,0a2e2b3791d498d8
one_person,71,one_person_071_post178782_f255,one_person/one_person_071_post178782_f255.jpg,178782,instagram,video,https://storage.googleapis.com/synthetic-propaganda-il-2026-post-media/posts/178782/video.mp4,255,10.64,1,[0.7521],720,1280,81b9f1e1e9f8f171
one_person,72,one_person_072_post184783,one_person/one_person_072_post184783.jpg,184783,facebook,image,https://storage.googleapis.com/synthetic-propaganda-il-2026-post-media/posts/184783/image.jpg,,,1,[0.9225],526,526,8eb2b2b2b292ead4
one_person,73,one_person_073_post131044,one_person/one_person_073_post131044.jpg,131044,instagram,image,https://storage.googleapis.com/synthetic-propaganda-il-2026-post-media/posts/131044/image.jpg,,,1,[0.8538],512,640,9c3673303f3cd4e0
one_person,75,one_person_075_post185214,one_person/one_person_075_post185214.jpg,185214,instagram,image,https://storage.googleapis.com/synthetic-propaganda-il-2026-post-media/posts/185214/poster.jpg,,,1,[0.8401],576,1024,8cf6e08919357cd4
one_person,76,one_person_076_post152387,one_person/one_person_076_post152387.jpg,152387,facebook,image,https://storage.googleapis.com/synthetic-propaganda-il-2026-post-media/posts/152387/image.jpg,,,1,[0.7796],512,640,6cc5a41d3c9f4d10
one_person,79,one_person_079_post135642_f496,one_person/one_person_079_post135642_f496.jpg,135642,instagram,video,https://storage.googleapis.com/synthetic-propaganda-il-2026-post-media/posts/135642/video.mp4,496,16.53,1,[0.8712],720,1280,688ace0b3b5a1647
one_person,80,one_person_080_post135642_f91,one_person/one_person_080_post135642_f91.jpg,135642,instagram,video,https://storage.googleapis.com/synthetic-propaganda-il-2026-post-media/posts/135642/video.mp4,91,3.03,1,[0.8199],720,1280,68aa9227677b7b3f
one_person,81,one_person_081_post135300,one_person/one_person_081_post135300.jpg,135300,facebook,image,https://storage.googleapis.com/synthetic-propaganda-il-2026-post-media/posts/135300/image.jpg,,,1,[0.895],1080,1350,ccd4cc872b1323a8
one_person,82,one_person_082_post188165,one_person/one_person_082_post188165.jpg,188165,instagram,image,https://storage.googleapis.com/synthetic-propaganda-il-2026-post-media/posts/188165/poster.jpg,,,1,[0.786],720,1280,08533171e3a56424
one_person,83,one_person_083_post138894,one_person/one_person_083_post138894.jpg,138894,facebook,image,https://storage.googleapis.com/synthetic-propaganda-il-2026-post-media/posts/138894/image.jpg,,,1,[0.8717],960,504,aaeaeab6b293ac85
one_person,84,one_person_084_post162929,one_person/one_person_084_post162929.jpg,162929,facebook,image,https://storage.googleapis.com/synthetic-propaganda-il-2026-post-media/posts/162929/poster.jpg,,,1,[0.7993],480,854,1f99a935314561f0
one_person,85,one_person_085_post181178_f1281,one_person/one_person_085_post181178_f1281.jpg,181178,facebook,video,https://storage.googleapis.com/synthetic-propaganda-il-2026-post-media/posts/181178/video.mp4,1281,51.24,1,[0.8588],720,1280,e223e3b3175646e6
one_person,86,one_person_086_post181178_f2551,one_person/one_person_086_post181178_f2551.jpg,181178,facebook,video,https://storage.googleapis.com/synthetic-propaganda-il-2026-post-media/posts/181178/video.mp4,2551,102.04,1,[0.8],720,1280,6fe9246437138d96
one_person,87,one_person_087_post154467,one_person/one_person_087_post154467.jpg,154467,facebook,image,https://storage.googleapis.com/synthetic-propaganda-il-2026-post-media/posts/154467/image.jpg,,,1,[0.855],512,640,e3610d0701432b2a
one_person,90,one_person_090_post132413_f313,one_person/one_person_090_post132413_f313.jpg,132413,facebook,video,https://storage.googleapis.com/synthetic-propaganda-il-2026-post-media/posts/132413/video.mp4,313,12.52,1,[0.597],720,1280,fffd09696bd5d73c
one_person,91,one_person_091_post132413_f107,one_person/one_person_091_post132413_f107.jpg,132413,facebook,video,https://storage.googleapis.com/synthetic-propaganda-il-2026-post-media/posts/132413/video.mp4,107,4.28,1,[0.5221],720,1280,7fbfff7dbd595199
one_person,92,one_person_092_post132413_f1240,one_person/one_person_092_post132413_f1240.jpg,132413,facebook,video,https://storage.googleapis.com/synthetic-propaganda-il-2026-post-media/posts/132413/video.mp4,1240,49.6,1,[0.8592],720,1280,a2f0f8f098ec5c3c
one_person,93,one_person_093_post188480,one_person/one_person_093_post188480.jpg,188480,instagram,image,https://storage.googleapis.com/synthetic-propaganda-il-2026-post-media/posts/188480/image.jpg,,,1,[0.8547],512,640,a1b1e37087c71733
one_person,94,one_person_094_post165647_f978,one_person/one_person_094_post165647_f978.jpg,165647,tiktok,video,https://storage.googleapis.com/synthetic-propaganda-il-2026-post-media/posts/165647/video.mp4,978,32.6,1,[0.759],576,1024,5e06076968e8b4c8
one_person,96,one_person_096_post165647_f1222,one_person/one_person_096_post165647_f1222.jpg,165647,tiktok,video,https://storage.googleapis.com/synthetic-propaganda-il-2026-post-media/posts/165647/video.mp4,1222,40.73,1,[0.7995],576,1024,dfdf91397d2c7601
one_person,97,one_person_097_post192302,one_person/one_person_097_post192302.jpg,192302,instagram,image,https://storage.googleapis.com/synthetic-propaganda-il-2026-post-media/posts/192302/image.jpg,,,1,[0.8015],512,640,6d0c685848599098
one_person,98,one_person_098_post175060_f521,one_person/one_person_098_post175060_f521.jpg,175060,tiktok,video,https://storage.googleapis.com/synthetic-propaganda-il-2026-post-media/posts/175060/video.mp4,521,17.37,1,[0.8457],576,1024,88700a9bc9ce6639
one_person,100,one_person_100_post155452_f442,one_person/one_person_100_post155452_f442.jpg,155452,x,video,https://storage.googleapis.com/synthetic-propaganda-il-2026-post-media/posts/155452/video.mp4,442,17.68,1,[0.8263],576,1024,f8f03cb4b4b07266
one_person,101,one_person_101_post155452_f589,one_person/one_person_101_post155452_f589.jpg,155452,x,video,https://storage.googleapis.com/synthetic-propaganda-il-2026-post-media/posts/155452/video.mp4,589,23.56,1,[0.8768],576,1024,e1c8d4a7a4f8f0f0
one_person,102,one_person_102_post171638_f308,one_person/one_person_102_post171638_f308.jpg,171638,facebook,video,https://storage.googleapis.com/synthetic-propaganda-il-2026-post-media/posts/171638/video.mp4,308,10.27,1,[0.8635],720,1280,e6646c2ea51ffce6
one_person,103,one_person_103_post184513,one_person/one_person_103_post184513.jpg,184513,instagram,image,https://storage.googleapis.com/synthetic-propaganda-il-2026-post-media/posts/184513/image.jpg,,,1,[0.7629],512,640,89b32bd71a9b2529
one_person,104,one_person_104_post195781,one_person/one_person_104_post195781.jpg,195781,facebook,image,https://storage.googleapis.com/synthetic-propaganda-il-2026-post-media/posts/195781/image.jpg,,,1,[0.8788],512,640,11f9b9fbbbf0e4a2
one_person,105,one_person_105_post156247_f941,one_person/one_person_105_post156247_f941.jpg,156247,x,video,https://storage.googleapis.com/synthetic-propaganda-il-2026-post-media/posts/156247/video.mp4,941,37.64,1,[0.7295],608,1080,6ce5e486a3e3f373
one_person,106,one_person_106_post156247_f1058,one_person/one_person_106_post156247_f1058.jpg,156247,x,video,https://storage.googleapis.com/synthetic-propaganda-il-2026-post-media/posts/156247/video.mp4,1058,42.32,1,[0.7415],608,1080,0c1f3b6361e9e9e9
one_person,107,one_person_107_post156247_f122,one_person/one_person_107_post156247_f122.jpg,156247,x,video,https://storage.googleapis.com/synthetic-propaganda-il-2026-post-media/posts/156247/video.mp4,122,4.88,1,[0.6732],608,1080,e4d8e83e58587871
one_person,108,one_person_108_post185755,one_person/one_person_108_post185755.jpg,185755,x,image,https://storage.googleapis.com/synthetic-propaganda-il-2026-post-media/posts/185755/image.png,,,1,[0.8916],642,361,0a2a092d2a257171
one_person,110,one_person_110_post179680,one_person/one_person_110_post179680.jpg,179680,facebook,image,https://storage.googleapis.com/synthetic-propaganda-il-2026-post-media/posts/179680/image.jpg,,,1,[0.7414],512,640,0305038382f2f031
one_person,111,one_person_111_post149131_f2094,one_person/one_person_111_post149131_f2094.jpg,149131,facebook,video,https://storage.googleapis.com/synthetic-propaganda-il-2026-post-media/posts/149131/video.mp4,2094,69.8,1,[0.8751],720,1280,f330d63636120000
one_person,113,one_person_113_post141373_f700,one_person/one_person_113_post141373_f700.jpg,141373,instagram,video,https://storage.googleapis.com/synthetic-propaganda-il-2026-post-media/posts/141373/video.mp4,700,23.33,1,[0.6478],576,1024,754fcf078e8b8384
one_person,114,one_person_114_post141373_f1393,one_person/one_person_114_post141373_f1393.jpg,141373,instagram,video,https://storage.googleapis.com/synthetic-propaganda-il-2026-post-media/posts/141373/video.mp4,1393,46.43,1,[0.7358],576,1024,726667e3034380a0
one_person,115,one_person_115_post133879,one_person/one_person_115_post133879.jpg,133879,facebook,image,https://storage.googleapis.com/synthetic-propaganda-il-2026-post-media/posts/133879/image.jpg,,,1,[0.8271],960,504,9eaa8f0f1f0f1e1e
one_person,116,one_person_116_post139175,one_person/one_person_116_post139175.jpg,139175,facebook,image,https://storage.googleapis.com/synthetic-propaganda-il-2026-post-media/posts/139175/image.jpg,,,1,[0.7865],518,640,cc848c8c0f2ff260
one_person,117,one_person_117_post193484,one_person/one_person_117_post193484.jpg,193484,tiktok,image,https://storage.googleapis.com/synthetic-propaganda-il-2026-post-media/posts/193484/poster.jpg,,,1,[0.765],576,1024,f3dfda6939f3a8ff
one_person,118,one_person_118_post137282_f4415,one_person/one_person_118_post137282_f4415.jpg,137282,x,video,https://storage.googleapis.com/synthetic-propaganda-il-2026-post-media/posts/137282/video.mp4,4415,73.58,1,[0.8477],640,352,ded6dace4e095911
one_person,119,one_person_119_post150615_f106,one_person/one_person_119_post150615_f106.jpg,150615,instagram,video,https://storage.googleapis.com/synthetic-propaganda-il-2026-post-media/posts/150615/video.mp4,106,3.53,1,[0.7822],720,1280,f473f96aa43b8b63
one_person,120,one_person_120_post161477_f1303,one_person/one_person_120_post161477_f1303.jpg,161477,x,video,https://storage.googleapis.com/synthetic-propaganda-il-2026-post-media/posts/161477/video.mp4,1303,43.45,1,[0.9117],576,1024,1032b4a38786b18a
one_person,122,one_person_122_post183588,one_person/one_person_122_post183588.jpg,183588,facebook,image,https://storage.googleapis.com/synthetic-propaganda-il-2026-post-media/posts/183588/image.jpg,,,1,[0.822],500,261,fc7a583b3b1b1bdb
one_person,123,one_person_123_post151789,one_person/one_person_123_post151789.jpg,151789,facebook,image,https://storage.googleapis.com/synthetic-propaganda-il-2026-post-media/posts/151789/image.jpg,,,1,[0.839],960,540,e8d8daceacbdadbd
one_person,124,one_person_124_post148146_f30,one_person/one_person_124_post148146_f30.jpg,148146,tiktok,video,https://storage.googleapis.com/synthetic-propaganda-il-2026-post-media/posts/148146/video.mp4,30,1.0,1,[0.8269],576,1024,f2828096b2baac4c
one_person,125,one_person_125_post155769_f763,one_person/one_person_125_post155769_f763.jpg,155769,x,video,https://storage.googleapis.com/synthetic-propaganda-il-2026-post-media/posts/155769/video.mp4,763,12.72,1,[0.8179],1080,1920,9b731b3b1337b2f0
one_person,128,one_person_128_post188128,one_person/one_person_128_post188128.jpg,188128,facebook,image,https://storage.googleapis.com/synthetic-propaganda-il-2026-post-media/posts/188128/image.jpg,,,1,[0.8125],464,348,68d9b2226351c3cb
one_person,131,one_person_131_post182266,one_person/one_person_131_post182266.jpg,182266,instagram,image,https://storage.googleapis.com/synthetic-propaganda-il-2026-post-media/posts/182266/image.jpg,,,1,[0.9076],512,640,d3b2b1d96170a192
one_person,132,one_person_132_post164834,one_person/one_person_132_post164834.jpg,164834,instagram,image,https://storage.googleapis.com/synthetic-propaganda-il-2026-post-media/posts/164834/poster.jpg,,,1,[0.862],720,1280,4a5ba0c3d3361e0e
one_person,133,one_person_133_post146522,one_person/one_person_133_post146522.jpg,146522,tiktok,image,https://storage.googleapis.com/synthetic-propaganda-il-2026-post-media/posts/146522/image.png,,,1,[0.8923],486,648,9f3233b39f426009
one_person,135,one_person_135_post177600,one_person/one_person_135_post177600.jpg,177600,facebook,image,https://storage.googleapis.com/synthetic-propaganda-il-2026-post-media/posts/177600/image.jpg,,,1,[0.8379],511,640,31303078e0c2da18
one_person,136,one_person_136_post151780,one_person/one_person_136_post151780.jpg,151780,facebook,image,https://storage.googleapis.com/synthetic-propaganda-il-2026-post-media/posts/151780/image.jpg,,,1,[0.7565],810,540,d2d8d8baf8ccdcd0
one_person,137,one_person_137_post181189,one_person/one_person_137_post181189.jpg,181189,facebook,image,https://storage.googleapis.com/synthetic-propaganda-il-2026-post-media/posts/181189/image.jpg,,,1,[0.8647],500,261,349d9494d050d8d2
one_person,138,one_person_138_post178660,one_person/one_person_138_post178660.jpg,178660,facebook,image,https://storage.googleapis.com/synthetic-propaganda-il-2026-post-media/posts/178660/poster.jpg,,,1,[0.6086],720,1280,3070431861c2c048
one_person,139,one_person_139_post147395,one_person/one_person_139_post147395.jpg,147395,instagram,image,https://storage.googleapis.com/synthetic-propaganda-il-2026-post-media/posts/147395/image.jpg,,,1,[0.8583],512,640,8f33e7ce6c5e9a36
one_person,141,one_person_141_post186985,one_person/one_person_141_post186985.jpg,186985,facebook,image,https://storage.googleapis.com/synthetic-propaganda-il-2026-post-media/posts/186985/image.jpg,,,1,[0.838],1080,1350,121226e3a6a4ea2e
one_person,142,one_person_142_post172075,one_person/one_person_142_post172075.jpg,172075,instagram,image,https://storage.googleapis.com/synthetic-propaganda-il-2026-post-media/posts/172075/image.jpg,,,1,[0.8597],640,640,c890b0f050d0d0d8
one_person,144,one_person_144_post195728,one_person/one_person_144_post195728.jpg,195728,facebook,image,https://storage.googleapis.com/synthetic-propaganda-il-2026-post-media/posts/195728/image.jpg,,,1,[0.8325],512,640,5d0c763b333bf0e8
one_person,145,one_person_145_post136277,one_person/one_person_145_post136277.jpg,136277,instagram,image,https://storage.googleapis.com/synthetic-propaganda-il-2026-post-media/posts/136277/image.jpg,,,1,[0.7469],512,640,898d9f989ae82280
one_person,146,one_person_146_post185089,one_person/one_person_146_post185089.jpg,185089,instagram,image,https://storage.googleapis.com/synthetic-propaganda-il-2026-post-media/posts/185089/poster.jpg,,,1,[0.7308],720,1280,3030343c36323221
one_person,147,one_person_147_post178621,one_person/one_person_147_post178621.jpg,178621,facebook,image,https://storage.googleapis.com/synthetic-propaganda-il-2026-post-media/posts/178621/poster.jpg,,,1,[0.8885],720,1280,00200e169f9b1d19
one_person,148,one_person_148_post147520,one_person/one_person_148_post147520.jpg,147520,facebook,image,https://storage.googleapis.com/synthetic-propaganda-il-2026-post-media/posts/147520/poster.jpg,,,1,[0.8857],720,1280,72f2acf6b4dac958
one_person,149,one_person_149_post165316,one_person/one_person_149_post165316.jpg,165316,x,image,https://storage.googleapis.com/synthetic-propaganda-il-2026-post-media/posts/165316/poster.jpg,,,1,[0.77],720,1280,19312b202061e008
one_person,150,one_person_150_post167627,one_person/one_person_150_post167627.jpg,167627,x,image,https://storage.googleapis.com/synthetic-propaganda-il-2026-post-media/posts/167627/poster.jpg,,,1,[0.9064],480,608,dce4c8c8dadad280
