model,strategy,threshold,scope,total_faces,known_faces,unknown_faces,correct_identifications,correct_rejections,incorrect_identifications,wrong_identity,known_as_unknown,unknown_as_known,undetected_known,undetected_unknown,accuracy,precision,recall,f1
resnet_webface600k,top1,0.15,pooled,571,140,431,139,53,379,1,0,378,0,0,0.3363,0.2683,0.9929,0.4225
resnet_webface600k,top1,0.15,one_person,129,60,69,60,5,64,0,0,64,0,0,0.5039,0.4839,1.0,0.6522
resnet_webface600k,top1,0.15,few_people,442,80,362,79,48,315,1,0,314,0,0,0.2873,0.2005,0.9875,0.3333
resnet_webface600k,top1,0.2,pooled,571,140,431,139,261,171,1,0,170,0,0,0.7005,0.4484,0.9929,0.6178
resnet_webface600k,top1,0.2,one_person,129,60,69,60,38,31,0,0,31,0,0,0.7597,0.6593,1.0,0.7947
resnet_webface600k,top1,0.2,few_people,442,80,362,79,223,140,1,0,139,0,0,0.6833,0.3607,0.9875,0.5284
resnet_webface600k,top1,0.25,pooled,571,140,431,137,401,30,0,3,30,0,0,0.9422,0.8204,0.9786,0.8925
resnet_webface600k,top1,0.25,one_person,129,60,69,60,65,4,0,0,4,0,0,0.969,0.9375,1.0,0.9677
resnet_webface600k,top1,0.25,few_people,442,80,362,77,336,26,0,3,26,0,0,0.9344,0.7476,0.9625,0.8415
resnet_webface600k,top1,0.3,pooled,571,140,431,135,429,2,0,5,2,0,0,0.9877,0.9854,0.9643,0.9747
resnet_webface600k,top1,0.3,one_person,129,60,69,60,69,0,0,0,0,0,0,1.0,1.0,1.0,1.0
resnet_webface600k,top1,0.3,few_people,442,80,362,75,360,2,0,5,2,0,0,0.9842,0.974,0.9375,0.9554
resnet_webface600k,top1,0.35,pooled,571,140,431,132,431,0,0,8,0,0,0,0.986,1.0,0.9429,0.9706
resnet_webface600k,top1,0.35,one_person,129,60,69,60,69,0,0,0,0,0,0,1.0,1.0,1.0,1.0
resnet_webface600k,top1,0.35,few_people,442,80,362,72,362,0,0,8,0,0,0,0.9819,1.0,0.9,0.9474
resnet_webface600k,top1,0.4,pooled,571,140,431,124,431,0,0,16,0,0,0,0.972,1.0,0.8857,0.9394
resnet_webface600k,top1,0.4,one_person,129,60,69,56,69,0,0,4,0,0,0,0.969,1.0,0.9333,0.9655
resnet_webface600k,top1,0.4,few_people,442,80,362,68,362,0,0,12,0,0,0,0.9729,1.0,0.85,0.9189
resnet_webface600k,top1,0.45,pooled,571,140,431,118,431,0,0,22,0,0,0,0.9615,1.0,0.8429,0.9147
resnet_webface600k,top1,0.45,one_person,129,60,69,55,69,0,0,5,0,0,0,0.9612,1.0,0.9167,0.9565
resnet_webface600k,top1,0.45,few_people,442,80,362,63,362,0,0,17,0,0,0,0.9615,1.0,0.7875,0.8811
resnet_webface600k,top1,0.5,pooled,571,140,431,108,431,0,0,32,0,0,0,0.944,1.0,0.7714,0.871
resnet_webface600k,top1,0.5,one_person,129,60,69,52,69,0,0,8,0,0,0,0.938,1.0,0.8667,0.9286
resnet_webface600k,top1,0.5,few_people,442,80,362,56,362,0,0,24,0,0,0,0.9457,1.0,0.7,0.8235
resnet_webface600k,top1,0.55,pooled,571,140,431,98,431,0,0,42,0,0,0,0.9264,1.0,0.7,0.8235
resnet_webface600k,top1,0.55,one_person,129,60,69,48,69,0,0,12,0,0,0,0.907,1.0,0.8,0.8889
resnet_webface600k,top1,0.55,few_people,442,80,362,50,362,0,0,30,0,0,0,0.9321,1.0,0.625,0.7692
resnet_webface600k,top1,0.6,pooled,571,140,431,75,431,0,0,65,0,0,0,0.8862,1.0,0.5357,0.6977
resnet_webface600k,top1,0.6,one_person,129,60,69,39,69,0,0,21,0,0,0,0.8372,1.0,0.65,0.7879
resnet_webface600k,top1,0.6,few_people,442,80,362,36,362,0,0,44,0,0,0,0.9005,1.0,0.45,0.6207
resnet_webface600k,top1,0.65,pooled,571,140,431,57,431,0,0,83,0,0,0,0.8546,1.0,0.4071,0.5787
resnet_webface600k,top1,0.65,one_person,129,60,69,31,69,0,0,29,0,0,0,0.7752,1.0,0.5167,0.6813
resnet_webface600k,top1,0.65,few_people,442,80,362,26,362,0,0,54,0,0,0,0.8778,1.0,0.325,0.4906
resnet_webface600k,top1,0.7,pooled,571,140,431,30,431,0,0,110,0,0,0,0.8074,1.0,0.2143,0.3529
resnet_webface600k,top1,0.7,one_person,129,60,69,15,69,0,0,45,0,0,0,0.6512,1.0,0.25,0.4
resnet_webface600k,top1,0.7,few_people,442,80,362,15,362,0,0,65,0,0,0,0.8529,1.0,0.1875,0.3158
resnet_webface600k,top1,0.75,pooled,571,140,431,9,431,0,0,131,0,0,0,0.7706,1.0,0.0643,0.1208
resnet_webface600k,top1,0.75,one_person,129,60,69,4,69,0,0,56,0,0,0,0.5659,1.0,0.0667,0.125
resnet_webface600k,top1,0.75,few_people,442,80,362,5,362,0,0,75,0,0,0,0.8303,1.0,0.0625,0.1176
resnet_webface600k,top1,0.8,pooled,571,140,431,1,431,0,0,139,0,0,0,0.7566,1.0,0.0071,0.0142
resnet_webface600k,top1,0.8,one_person,129,60,69,0,69,0,0,60,0,0,0,0.5349,0.0,0.0,0.0
resnet_webface600k,top1,0.8,few_people,442,80,362,1,362,0,0,79,0,0,0,0.8213,1.0,0.0125,0.0247
resnet_webface600k,top1,0.85,pooled,571,140,431,0,431,0,0,140,0,0,0,0.7548,0.0,0.0,0.0
resnet_webface600k,top1,0.85,one_person,129,60,69,0,69,0,0,60,0,0,0,0.5349,0.0,0.0,0.0
resnet_webface600k,top1,0.85,few_people,442,80,362,0,362,0,0,80,0,0,0,0.819,0.0,0.0,0.0
resnet_webface600k,top2,0.15,pooled,571,140,431,138,110,323,2,0,321,0,0,0.4343,0.2993,0.9857,0.4592
resnet_webface600k,top2,0.15,one_person,129,60,69,60,15,54,0,0,54,0,0,0.5814,0.5263,1.0,0.6897
resnet_webface600k,top2,0.15,few_people,442,80,362,78,95,269,2,0,267,0,0,0.3914,0.2248,0.975,0.3653
resnet_webface600k,top2,0.2,pooled,571,140,431,138,335,97,1,1,96,0,0,0.8284,0.5872,0.9857,0.736
resnet_webface600k,top2,0.2,one_person,129,60,69,60,51,18,0,0,18,0,0,0.8605,0.7692,1.0,0.8696
resnet_webface600k,top2,0.2,few_people,442,80,362,78,284,79,1,1,78,0,0,0.819,0.4968,0.975,0.6582
resnet_webface600k,top2,0.25,pooled,571,140,431,135,414,18,1,4,17,0,0,0.9615,0.8824,0.9643,0.9215
resnet_webface600k,top2,0.25,one_person,129,60,69,60,66,3,0,0,3,0,0,0.9767,0.9524,1.0,0.9756
resnet_webface600k,top2,0.25,few_people,442,80,362,75,348,15,1,4,14,0,0,0.957,0.8333,0.9375,0.8824
resnet_webface600k,top2,0.3,pooled,571,140,431,135,430,1,0,5,1,0,0,0.9895,0.9926,0.9643,0.9783
resnet_webface600k,top2,0.3,one_person,129,60,69,60,69,0,0,0,0,0,0,1.0,1.0,1.0,1.0
resnet_webface600k,top2,0.3,few_people,442,80,362,75,361,1,0,5,1,0,0,0.9864,0.9868,0.9375,0.9615
resnet_webface600k,top2,0.35,pooled,571,140,431,128,431,0,0,12,0,0,0,0.979,1.0,0.9143,0.9552
resnet_webface600k,top2,0.35,one_person,129,60,69,58,69,0,0,2,0,0,0,0.9845,1.0,0.9667,0.9831
resnet_webface600k,top2,0.35,few_people,442,80,362,70,362,0,0,10,0,0,0,0.9774,1.0,0.875,0.9333
resnet_webface600k,top2,0.4,pooled,571,140,431,121,431,0,0,19,0,0,0,0.9667,1.0,0.8643,0.9272
resnet_webface600k,top2,0.4,one_person,129,60,69,56,69,0,0,4,0,0,0,0.969,1.0,0.9333,0.9655
resnet_webface600k,top2,0.4,few_people,442,80,362,65,362,0,0,15,0,0,0,0.9661,1.0,0.8125,0.8966
resnet_webface600k,top2,0.45,pooled,571,140,431,113,431,0,0,27,0,0,0,0.9527,1.0,0.8071,0.8933
resnet_webface600k,top2,0.45,one_person,129,60,69,54,69,0,0,6,0,0,0,0.9535,1.0,0.9,0.9474
resnet_webface600k,top2,0.45,few_people,442,80,362,59,362,0,0,21,0,0,0,0.9525,1.0,0.7375,0.8489
resnet_webface600k,top2,0.5,pooled,571,140,431,103,431,0,0,37,0,0,0,0.9352,1.0,0.7357,0.8477
resnet_webface600k,top2,0.5,one_person,129,60,69,49,69,0,0,11,0,0,0,0.9147,1.0,0.8167,0.8991
resnet_webface600k,top2,0.5,few_people,442,80,362,54,362,0,0,26,0,0,0,0.9412,1.0,0.675,0.806
resnet_webface600k,top2,0.55,pooled,571,140,431,84,431,0,0,56,0,0,0,0.9019,1.0,0.6,0.75
resnet_webface600k,top2,0.55,one_person,129,60,69,42,69,0,0,18,0,0,0,0.8605,1.0,0.7,0.8235
resnet_webface600k,top2,0.55,few_people,442,80,362,42,362,0,0,38,0,0,0,0.914,1.0,0.525,0.6885
resnet_webface600k,top2,0.6,pooled,571,140,431,65,431,0,0,75,0,0,0,0.8687,1.0,0.4643,0.6341
resnet_webface600k,top2,0.6,one_person,129,60,69,36,69,0,0,24,0,0,0,0.814,1.0,0.6,0.75
resnet_webface600k,top2,0.6,few_people,442,80,362,29,362,0,0,51,0,0,0,0.8846,1.0,0.3625,0.5321
resnet_webface600k,top2,0.65,pooled,571,140,431,42,431,0,0,98,0,0,0,0.8284,1.0,0.3,0.4615
resnet_webface600k,top2,0.65,one_person,129,60,69,24,69,0,0,36,0,0,0,0.7209,1.0,0.4,0.5714
resnet_webface600k,top2,0.65,few_people,442,80,362,18,362,0,0,62,0,0,0,0.8597,1.0,0.225,0.3673
resnet_webface600k,top2,0.7,pooled,571,140,431,21,431,0,0,119,0,0,0,0.7916,1.0,0.15,0.2609
resnet_webface600k,top2,0.7,one_person,129,60,69,11,69,0,0,49,0,0,0,0.6202,1.0,0.1833,0.3099
resnet_webface600k,top2,0.7,few_people,442,80,362,10,362,0,0,70,0,0,0,0.8416,1.0,0.125,0.2222
resnet_webface600k,top2,0.75,pooled,571,140,431,6,431,0,0,134,0,0,0,0.7653,1.0,0.0429,0.0822
resnet_webface600k,top2,0.75,one_person,129,60,69,3,69,0,0,57,0,0,0,0.5581,1.0,0.05,0.0952
resnet_webface600k,top2,0.75,few_people,442,80,362,3,362,0,0,77,0,0,0,0.8258,1.0,0.0375,0.0723
resnet_webface600k,top2,0.8,pooled,571,140,431,0,431,0,0,140,0,0,0,0.7548,0.0,0.0,0.0
resnet_webface600k,top2,0.8,one_person,129,60,69,0,69,0,0,60,0,0,0,0.5349,0.0,0.0,0.0
resnet_webface600k,top2,0.8,few_people,442,80,362,0,362,0,0,80,0,0,0,0.819,0.0,0.0,0.0
resnet_webface600k,top2,0.85,pooled,571,140,431,0,431,0,0,140,0,0,0,0.7548,0.0,0.0,0.0
resnet_webface600k,top2,0.85,one_person,129,60,69,0,69,0,0,60,0,0,0,0.5349,0.0,0.0,0.0
resnet_webface600k,top2,0.85,few_people,442,80,362,0,362,0,0,80,0,0,0,0.819,0.0,0.0,0.0
resnet_webface600k,top3,0.15,pooled,571,140,431,138,166,267,2,0,265,0,0,0.5324,0.3407,0.9857,0.5064
resnet_webface600k,top3,0.15,one_person,129,60,69,60,23,46,0,0,46,0,0,0.6434,0.566,1.0,0.7229
resnet_webface600k,top3,0.15,few_people,442,80,362,78,143,221,2,0,219,0,0,0.5,0.2609,0.975,0.4116
resnet_webface600k,top3,0.2,pooled,571,140,431,136,374,58,1,3,57,0,0,0.8932,0.701,0.9714,0.8144
resnet_webface600k,top3,0.2,one_person,129,60,69,60,59,10,0,0,10,0,0,0.9225,0.8571,1.0,0.9231
resnet_webface600k,top3,0.2,few_people,442,80,362,76,315,48,1,3,47,0,0,0.8846,0.6129,0.95,0.7451
resnet_webface600k,top3,0.25,pooled,571,140,431,135,423,9,1,4,8,0,0,0.9772,0.9375,0.9643,0.9507
resnet_webface600k,top3,0.25,one_person,129,60,69,60,68,1,0,0,1,0,0,0.9922,0.9836,1.0,0.9917
resnet_webface600k,top3,0.25,few_people,442,80,362,75,355,8,1,4,7,0,0,0.9729,0.9036,0.9375,0.9202
resnet_webface600k,top3,0.3,pooled,571,140,431,134,431,0,0,6,0,0,0,0.9895,1.0,0.9571,0.9781
resnet_webface600k,top3,0.3,one_person,129,60,69,60,69,0,0,0,0,0,0,1.0,1.0,1.0,1.0
resnet_webface600k,top3,0.3,few_people,442,80,362,74,362,0,0,6,0,0,0,0.9864,1.0,0.925,0.961
resnet_webface600k,top3,0.35,pooled,571,140,431,127,431,0,0,13,0,0,0,0.9772,1.0,0.9071,0.9513
resnet_webface600k,top3,0.35,one_person,129,60,69,58,69,0,0,2,0,0,0,0.9845,1.0,0.9667,0.9831
resnet_webface600k,top3,0.35,few_people,442,80,362,69,362,0,0,11,0,0,0,0.9751,1.0,0.8625,0.9262
resnet_webface600k,top3,0.4,pooled,571,140,431,120,431,0,0,20,0,0,0,0.965,1.0,0.8571,0.9231
resnet_webface600k,top3,0.4,one_person,129,60,69,55,69,0,0,5,0,0,0,0.9612,1.0,0.9167,0.9565
resnet_webface600k,top3,0.4,few_people,442,80,362,65,362,0,0,15,0,0,0,0.9661,1.0,0.8125,0.8966
resnet_webface600k,top3,0.45,pooled,571,140,431,110,431,0,0,30,0,0,0,0.9475,1.0,0.7857,0.88
resnet_webface600k,top3,0.45,one_person,129,60,69,52,69,0,0,8,0,0,0,0.938,1.0,0.8667,0.9286
resnet_webface600k,top3,0.45,few_people,442,80,362,58,362,0,0,22,0,0,0,0.9502,1.0,0.725,0.8406
resnet_webface600k,top3,0.5,pooled,571,140,431,98,431,0,0,42,0,0,0,0.9264,1.0,0.7,0.8235
resnet_webface600k,top3,0.5,one_person,129,60,69,48,69,0,0,12,0,0,0,0.907,1.0,0.8,0.8889
resnet_webface600k,top3,0.5,few_people,442,80,362,50,362,0,0,30,0,0,0,0.9321,1.0,0.625,0.7692
resnet_webface600k,top3,0.55,pooled,571,140,431,78,431,0,0,62,0,0,0,0.8914,1.0,0.5571,0.7156
resnet_webface600k,top3,0.55,one_person,129,60,69,41,69,0,0,19,0,0,0,0.8527,1.0,0.6833,0.8119
resnet_webface600k,top3,0.55,few_people,442,80,362,37,362,0,0,43,0,0,0,0.9027,1.0,0.4625,0.6325
resnet_webface600k,top3,0.6,pooled,571,140,431,56,431,0,0,84,0,0,0,0.8529,1.0,0.4,0.5714
resnet_webface600k,top3,0.6,one_person,129,60,69,34,69,0,0,26,0,0,0,0.7984,1.0,0.5667,0.7234
resnet_webface600k,top3,0.6,few_people,442,80,362,22,362,0,0,58,0,0,0,0.8688,1.0,0.275,0.4314
resnet_webface600k,top3,0.65,pooled,571,140,431,33,431,0,0,107,0,0,0,0.8126,1.0,0.2357,0.3815
resnet_webface600k,top3,0.65,one_person,129,60,69,20,69,0,0,40,0,0,0,0.6899,1.0,0.3333,0.5
resnet_webface600k,top3,0.65,few_people,442,80,362,13,362,0,0,67,0,0,0,0.8484,1.0,0.1625,0.2796
resnet_webface600k,top3,0.7,pooled,571,140,431,12,431,0,0,128,0,0,0,0.7758,1.0,0.0857,0.1579
resnet_webface600k,top3,0.7,one_person,129,60,69,4,69,0,0,56,0,0,0,0.5659,1.0,0.0667,0.125
resnet_webface600k,top3,0.7,few_people,442,80,362,8,362,0,0,72,0,0,0,0.8371,1.0,0.1,0.1818
resnet_webface600k,top3,0.75,pooled,571,140,431,1,431,0,0,139,0,0,0,0.7566,1.0,0.0071,0.0142
resnet_webface600k,top3,0.75,one_person,129,60,69,1,69,0,0,59,0,0,0,0.5426,1.0,0.0167,0.0328
resnet_webface600k,top3,0.75,few_people,442,80,362,0,362,0,0,80,0,0,0,0.819,0.0,0.0,0.0
resnet_webface600k,top3,0.8,pooled,571,140,431,0,431,0,0,140,0,0,0,0.7548,0.0,0.0,0.0
resnet_webface600k,top3,0.8,one_person,129,60,69,0,69,0,0,60,0,0,0,0.5349,0.0,0.0,0.0
resnet_webface600k,top3,0.8,few_people,442,80,362,0,362,0,0,80,0,0,0,0.819,0.0,0.0,0.0
resnet_webface600k,top3,0.85,pooled,571,140,431,0,431,0,0,140,0,0,0,0.7548,0.0,0.0,0.0
resnet_webface600k,top3,0.85,one_person,129,60,69,0,69,0,0,60,0,0,0,0.5349,0.0,0.0,0.0
resnet_webface600k,top3,0.85,few_people,442,80,362,0,362,0,0,80,0,0,0,0.819,0.0,0.0,0.0
resnet_webface600k,centroid,0.15,pooled,571,140,431,138,125,308,2,0,306,0,0,0.4606,0.3094,0.9857,0.471
resnet_webface600k,centroid,0.15,one_person,129,60,69,60,15,54,0,0,54,0,0,0.5814,0.5263,1.0,0.6897
resnet_webface600k,centroid,0.15,few_people,442,80,362,78,110,254,2,0,252,0,0,0.4253,0.2349,0.975,0.3786
resnet_webface600k,centroid,0.2,pooled,571,140,431,138,325,107,1,1,106,0,0,0.8109,0.5633,0.9857,0.7169
resnet_webface600k,centroid,0.2,one_person,129,60,69,60,47,22,0,0,22,0,0,0.8295,0.7317,1.0,0.8451
resnet_webface600k,centroid,0.2,few_people,442,80,362,78,278,85,1,1,84,0,0,0.8054,0.4785,0.975,0.642
resnet_webface600k,centroid,0.25,pooled,571,140,431,135,416,16,1,4,15,0,0,0.965,0.894,0.9643,0.9278
resnet_webface600k,centroid,0.25,one_person,129,60,69,60,66,3,0,0,3,0,0,0.9767,0.9524,1.0,0.9756
resnet_webface600k,centroid,0.25,few_people,442,80,362,75,350,13,1,4,12,0,0,0.9615,0.8523,0.9375,0.8929
resnet_webface600k,centroid,0.3,pooled,571,140,431,134,431,0,0,6,0,0,0,0.9895,1.0,0.9571,0.9781
resnet_webface600k,centroid,0.3,one_person,129,60,69,60,69,0,0,0,0,0,0,1.0,1.0,1.0,1.0
resnet_webface600k,centroid,0.3,few_people,442,80,362,74,362,0,0,6,0,0,0,0.9864,1.0,0.925,0.961
resnet_webface600k,centroid,0.35,pooled,571,140,431,132,431,0,0,8,0,0,0,0.986,1.0,0.9429,0.9706
resnet_webface600k,centroid,0.35,one_person,129,60,69,60,69,0,0,0,0,0,0,1.0,1.0,1.0,1.0
resnet_webface600k,centroid,0.35,few_people,442,80,362,72,362,0,0,8,0,0,0,0.9819,1.0,0.9,0.9474
resnet_webface600k,centroid,0.4,pooled,571,140,431,126,431,0,0,14,0,0,0,0.9755,1.0,0.9,0.9474
resnet_webface600k,centroid,0.4,one_person,129,60,69,57,69,0,0,3,0,0,0,0.9767,1.0,0.95,0.9744
resnet_webface600k,centroid,0.4,few_people,442,80,362,69,362,0,0,11,0,0,0,0.9751,1.0,0.8625,0.9262
resnet_webface600k,centroid,0.45,pooled,571,140,431,120,431,0,0,20,0,0,0,0.965,1.0,0.8571,0.9231
resnet_webface600k,centroid,0.45,one_person,129,60,69,55,69,0,0,5,0,0,0,0.9612,1.0,0.9167,0.9565
resnet_webface600k,centroid,0.45,few_people,442,80,362,65,362,0,0,15,0,0,0,0.9661,1.0,0.8125,0.8966
resnet_webface600k,centroid,0.5,pooled,571,140,431,111,431,0,0,29,0,0,0,0.9492,1.0,0.7929,0.8845
resnet_webface600k,centroid,0.5,one_person,129,60,69,53,69,0,0,7,0,0,0,0.9457,1.0,0.8833,0.9381
resnet_webface600k,centroid,0.5,few_people,442,80,362,58,362,0,0,22,0,0,0,0.9502,1.0,0.725,0.8406
resnet_webface600k,centroid,0.55,pooled,571,140,431,100,431,0,0,40,0,0,0,0.9299,1.0,0.7143,0.8333
resnet_webface600k,centroid,0.55,one_person,129,60,69,48,69,0,0,12,0,0,0,0.907,1.0,0.8,0.8889
resnet_webface600k,centroid,0.55,few_people,442,80,362,52,362,0,0,28,0,0,0,0.9367,1.0,0.65,0.7879
resnet_webface600k,centroid,0.6,pooled,571,140,431,82,431,0,0,58,0,0,0,0.8984,1.0,0.5857,0.7387
resnet_webface600k,centroid,0.6,one_person,129,60,69,43,69,0,0,17,0,0,0,0.8682,1.0,0.7167,0.835
resnet_webface600k,centroid,0.6,few_people,442,80,362,39,362,0,0,41,0,0,0,0.9072,1.0,0.4875,0.6555
resnet_webface600k,centroid,0.65,pooled,571,140,431,70,431,0,0,70,0,0,0,0.8774,1.0,0.5,0.6667
resnet_webface600k,centroid,0.65,one_person,129,60,69,39,69,0,0,21,0,0,0,0.8372,1.0,0.65,0.7879
resnet_webface600k,centroid,0.65,few_people,442,80,362,31,362,0,0,49,0,0,0,0.8891,1.0,0.3875,0.5586
resnet_webface600k,centroid,0.7,pooled,571,140,431,43,431,0,0,97,0,0,0,0.8301,1.0,0.3071,0.4699
resnet_webface600k,centroid,0.7,one_person,129,60,69,26,69,0,0,34,0,0,0,0.7364,1.0,0.4333,0.6047
resnet_webface600k,centroid,0.7,few_people,442,80,362,17,362,0,0,63,0,0,0,0.8575,1.0,0.2125,0.3505
resnet_webface600k,centroid,0.75,pooled,571,140,431,21,431,0,0,119,0,0,0,0.7916,1.0,0.15,0.2609
resnet_webface600k,centroid,0.75,one_person,129,60,69,12,69,0,0,48,0,0,0,0.6279,1.0,0.2,0.3333
resnet_webface600k,centroid,0.75,few_people,442,80,362,9,362,0,0,71,0,0,0,0.8394,1.0,0.1125,0.2022
resnet_webface600k,centroid,0.8,pooled,571,140,431,3,431,0,0,137,0,0,0,0.7601,1.0,0.0214,0.042
resnet_webface600k,centroid,0.8,one_person,129,60,69,1,69,0,0,59,0,0,0,0.5426,1.0,0.0167,0.0328
resnet_webface600k,centroid,0.8,few_people,442,80,362,2,362,0,0,78,0,0,0,0.8235,1.0,0.025,0.0488
resnet_webface600k,centroid,0.85,pooled,571,140,431,0,431,0,0,140,0,0,0,0.7548,0.0,0.0,0.0
resnet_webface600k,centroid,0.85,one_person,129,60,69,0,69,0,0,60,0,0,0,0.5349,0.0,0.0,0.0
resnet_webface600k,centroid,0.85,few_people,442,80,362,0,362,0,0,80,0,0,0,0.819,0.0,0.0,0.0
sface,top1,0.15,pooled,571,140,431,134,0,437,6,0,431,0,0,0.2347,0.2347,0.9571,0.3769
sface,top1,0.15,one_person,129,60,69,60,0,69,0,0,69,0,0,0.4651,0.4651,1.0,0.6349
sface,top1,0.15,few_people,442,80,362,74,0,368,6,0,362,0,0,0.1674,0.1674,0.925,0.2835
sface,top1,0.2,pooled,571,140,431,134,1,436,6,0,430,0,0,0.2364,0.2351,0.9571,0.3775
sface,top1,0.2,one_person,129,60,69,60,0,69,0,0,69,0,0,0.4651,0.4651,1.0,0.6349
sface,top1,0.2,few_people,442,80,362,74,1,367,6,0,361,0,0,0.1697,0.1678,0.925,0.2841
sface,top1,0.25,pooled,571,140,431,134,24,413,6,0,407,0,0,0.2767,0.245,0.9571,0.3901
sface,top1,0.25,one_person,129,60,69,60,1,68,0,0,68,0,0,0.4729,0.4688,1.0,0.6383
sface,top1,0.25,few_people,442,80,362,74,23,345,6,0,339,0,0,0.2195,0.1766,0.925,0.2966
sface,top1,0.3,pooled,571,140,431,134,96,340,5,1,335,0,0,0.4028,0.2827,0.9571,0.4365
sface,top1,0.3,one_person,129,60,69,60,7,62,0,0,62,0,0,0.5194,0.4918,1.0,0.6593
sface,top1,0.3,few_people,442,80,362,74,89,278,5,1,273,0,0,0.3688,0.2102,0.925,0.3426
sface,top1,0.35,pooled,571,140,431,130,221,215,5,5,210,0,0,0.6147,0.3768,0.9286,0.5361
sface,top1,0.35,one_person,129,60,69,59,30,39,0,1,39,0,0,0.6899,0.602,0.9833,0.7468
sface,top1,0.35,few_people,442,80,362,71,191,176,5,4,171,0,0,0.5928,0.2874,0.8875,0.4343
sface,top1,0.4,pooled,571,140,431,127,365,69,3,10,66,0,0,0.8616,0.648,0.9071,0.756
sface,top1,0.4,one_person,129,60,69,58,55,14,0,2,14,0,0,0.876,0.8056,0.9667,0.8788
sface,top1,0.4,few_people,442,80,362,69,310,55,3,8,52,0,0,0.8575,0.5565,0.8625,0.6765
sface,top1,0.45,pooled,571,140,431,120,424,7,0,20,7,0,0,0.9527,0.9449,0.8571,0.8989
sface,top1,0.45,one_person,129,60,69,57,65,4,0,3,4,0,0,0.9457,0.9344,0.95,0.9421
sface,top1,0.45,few_people,442,80,362,63,359,3,0,17,3,0,0,0.9548,0.9545,0.7875,0.863
sface,top1,0.5,pooled,571,140,431,108,431,0,0,32,0,0,0,0.944,1.0,0.7714,0.871
sface,top1,0.5,one_person,129,60,69,50,69,0,0,10,0,0,0,0.9225,1.0,0.8333,0.9091
sface,top1,0.5,few_people,442,80,362,58,362,0,0,22,0,0,0,0.9502,1.0,0.725,0.8406
sface,top1,0.55,pooled,571,140,431,97,431,0,0,43,0,0,0,0.9247,1.0,0.6929,0.8186
sface,top1,0.55,one_person,129,60,69,47,69,0,0,13,0,0,0,0.8992,1.0,0.7833,0.8785
sface,top1,0.55,few_people,442,80,362,50,362,0,0,30,0,0,0,0.9321,1.0,0.625,0.7692
sface,top1,0.6,pooled,571,140,431,81,431,0,0,59,0,0,0,0.8967,1.0,0.5786,0.733
sface,top1,0.6,one_person,129,60,69,40,69,0,0,20,0,0,0,0.845,1.0,0.6667,0.8
sface,top1,0.6,few_people,442,80,362,41,362,0,0,39,0,0,0,0.9118,1.0,0.5125,0.6777
sface,top1,0.65,pooled,571,140,431,64,431,0,0,76,0,0,0,0.8669,1.0,0.4571,0.6275
sface,top1,0.65,one_person,129,60,69,32,69,0,0,28,0,0,0,0.7829,1.0,0.5333,0.6957
sface,top1,0.65,few_people,442,80,362,32,362,0,0,48,0,0,0,0.8914,1.0,0.4,0.5714
sface,top1,0.7,pooled,571,140,431,44,431,0,0,96,0,0,0,0.8319,1.0,0.3143,0.4783
sface,top1,0.7,one_person,129,60,69,23,69,0,0,37,0,0,0,0.7132,1.0,0.3833,0.5542
sface,top1,0.7,few_people,442,80,362,21,362,0,0,59,0,0,0,0.8665,1.0,0.2625,0.4158
sface,top1,0.75,pooled,571,140,431,20,431,0,0,120,0,0,0,0.7898,1.0,0.1429,0.25
sface,top1,0.75,one_person,129,60,69,12,69,0,0,48,0,0,0,0.6279,1.0,0.2,0.3333
sface,top1,0.75,few_people,442,80,362,8,362,0,0,72,0,0,0,0.8371,1.0,0.1,0.1818
sface,top1,0.8,pooled,571,140,431,4,431,0,0,136,0,0,0,0.7618,1.0,0.0286,0.0556
sface,top1,0.8,one_person,129,60,69,2,69,0,0,58,0,0,0,0.5504,1.0,0.0333,0.0645
sface,top1,0.8,few_people,442,80,362,2,362,0,0,78,0,0,0,0.8235,1.0,0.025,0.0488
sface,top1,0.85,pooled,571,140,431,0,431,0,0,140,0,0,0,0.7548,0.0,0.0,0.0
sface,top1,0.85,one_person,129,60,69,0,69,0,0,60,0,0,0,0.5349,0.0,0.0,0.0
sface,top1,0.85,few_people,442,80,362,0,362,0,0,80,0,0,0,0.819,0.0,0.0,0.0
sface,top2,0.15,pooled,571,140,431,136,1,434,4,0,430,0,0,0.2399,0.2386,0.9714,0.3831
sface,top2,0.15,one_person,129,60,69,60,0,69,0,0,69,0,0,0.4651,0.4651,1.0,0.6349
sface,top2,0.15,few_people,442,80,362,76,1,365,4,0,361,0,0,0.1742,0.1723,0.95,0.2917
sface,top2,0.2,pooled,571,140,431,136,6,429,4,0,425,0,0,0.2487,0.2407,0.9714,0.3858
sface,top2,0.2,one_person,129,60,69,60,1,68,0,0,68,0,0,0.4729,0.4688,1.0,0.6383
sface,top2,0.2,few_people,442,80,362,76,5,361,4,0,357,0,0,0.1833,0.1739,0.95,0.294
sface,top2,0.25,pooled,571,140,431,136,54,381,4,0,377,0,0,0.3327,0.2631,0.9714,0.414
sface,top2,0.25,one_person,129,60,69,60,3,66,0,0,66,0,0,0.4884,0.4762,1.0,0.6452
sface,top2,0.25,few_people,442,80,362,76,51,315,4,0,311,0,0,0.2873,0.1944,0.95,0.3227
sface,top2,0.3,pooled,571,140,431,135,155,279,3,2,276,0,0,0.5079,0.3261,0.9643,0.4874
sface,top2,0.3,one_person,129,60,69,60,15,54,0,0,54,0,0,0.5814,0.5263,1.0,0.6897
sface,top2,0.3,few_people,442,80,362,75,140,225,3,2,222,0,0,0.4864,0.25,0.9375,0.3947
sface,top2,0.35,pooled,571,140,431,132,299,133,1,7,132,0,0,0.7548,0.4981,0.9429,0.6519
sface,top2,0.35,one_person,129,60,69,59,46,23,0,1,23,0,0,0.814,0.7195,0.9833,0.831
sface,top2,0.35,few_people,442,80,362,73,253,110,1,6,109,0,0,0.7376,0.3989,0.9125,0.5551
sface,top2,0.4,pooled,571,140,431,123,407,24,0,17,24,0,0,0.9282,0.8367,0.8786,0.8571
sface,top2,0.4,one_person,129,60,69,58,62,7,0,2,7,0,0,0.9302,0.8923,0.9667,0.928
sface,top2,0.4,few_people,442,80,362,65,345,17,0,15,17,0,0,0.9276,0.7927,0.8125,0.8025
sface,top2,0.45,pooled,571,140,431,117,429,2,0,23,2,0,0,0.9562,0.9832,0.8357,0.9035
sface,top2,0.45,one_person,129,60,69,55,68,1,0,5,1,0,0,0.9535,0.9821,0.9167,0.9483
sface,top2,0.45,few_people,442,80,362,62,361,1,0,18,1,0,0,0.957,0.9841,0.775,0.8671
sface,top2,0.5,pooled,571,140,431,105,431,0,0,35,0,0,0,0.9387,1.0,0.75,0.8571
sface,top2,0.5,one_person,129,60,69,48,69,0,0,12,0,0,0,0.907,1.0,0.8,0.8889
sface,top2,0.5,few_people,442,80,362,57,362,0,0,23,0,0,0,0.948,1.0,0.7125,0.8321
sface,top2,0.55,pooled,571,140,431,91,431,0,0,49,0,0,0,0.9142,1.0,0.65,0.7879
sface,top2,0.55,one_person,129,60,69,46,69,0,0,14,0,0,0,0.8915,1.0,0.7667,0.8679
sface,top2,0.55,few_people,442,80,362,45,362,0,0,35,0,0,0,0.9208,1.0,0.5625,0.72
sface,top2,0.6,pooled,571,140,431,74,431,0,0,66,0,0,0,0.8844,1.0,0.5286,0.6916
sface,top2,0.6,one_person,129,60,69,37,69,0,0,23,0,0,0,0.8217,1.0,0.6167,0.7629
sface,top2,0.6,few_people,442,80,362,37,362,0,0,43,0,0,0,0.9027,1.0,0.4625,0.6325
sface,top2,0.65,pooled,571,140,431,56,431,0,0,84,0,0,0,0.8529,1.0,0.4,0.5714
sface,top2,0.65,one_person,129,60,69,29,69,0,0,31,0,0,0,0.7597,1.0,0.4833,0.6517
sface,top2,0.65,few_people,442,80,362,27,362,0,0,53,0,0,0,0.8801,1.0,0.3375,0.5047
sface,top2,0.7,pooled,571,140,431,32,431,0,0,108,0,0,0,0.8109,1.0,0.2286,0.3721
sface,top2,0.7,one_person,129,60,69,17,69,0,0,43,0,0,0,0.6667,1.0,0.2833,0.4416
sface,top2,0.7,few_people,442,80,362,15,362,0,0,65,0,0,0,0.8529,1.0,0.1875,0.3158
sface,top2,0.75,pooled,571,140,431,10,431,0,0,130,0,0,0,0.7723,1.0,0.0714,0.1333
sface,top2,0.75,one_person,129,60,69,5,69,0,0,55,0,0,0,0.5736,1.0,0.0833,0.1538
sface,top2,0.75,few_people,442,80,362,5,362,0,0,75,0,0,0,0.8303,1.0,0.0625,0.1176
sface,top2,0.8,pooled,571,140,431,1,431,0,0,139,0,0,0,0.7566,1.0,0.0071,0.0142
sface,top2,0.8,one_person,129,60,69,1,69,0,0,59,0,0,0,0.5426,1.0,0.0167,0.0328
sface,top2,0.8,few_people,442,80,362,0,362,0,0,80,0,0,0,0.819,0.0,0.0,0.0
sface,top2,0.85,pooled,571,140,431,0,431,0,0,140,0,0,0,0.7548,0.0,0.0,0.0
sface,top2,0.85,one_person,129,60,69,0,69,0,0,60,0,0,0,0.5349,0.0,0.0,0.0
sface,top2,0.85,few_people,442,80,362,0,362,0,0,80,0,0,0,0.819,0.0,0.0,0.0
sface,top3,0.15,pooled,571,140,431,134,2,435,6,0,429,0,0,0.2382,0.2355,0.9571,0.378
sface,top3,0.15,one_person,129,60,69,60,0,69,0,0,69,0,0,0.4651,0.4651,1.0,0.6349
sface,top3,0.15,few_people,442,80,362,74,2,366,6,0,360,0,0,0.1719,0.1682,0.925,0.2846
sface,top3,0.2,pooled,571,140,431,134,21,416,6,0,410,0,0,0.2715,0.2436,0.9571,0.3884
sface,top3,0.2,one_person,129,60,69,60,1,68,0,0,68,0,0,0.4729,0.4688,1.0,0.6383
sface,top3,0.2,few_people,442,80,362,74,20,348,6,0,342,0,0,0.2127,0.1754,0.925,0.2948
sface,top3,0.25,pooled,571,140,431,134,83,354,6,0,348,0,0,0.38,0.2746,0.9571,0.4268
sface,top3,0.25,one_person,129,60,69,60,7,62,0,0,62,0,0,0.5194,0.4918,1.0,0.6593
sface,top3,0.25,few_people,442,80,362,74,76,292,6,0,286,0,0,0.3394,0.2022,0.925,0.3318
sface,top3,0.3,pooled,571,140,431,133,201,233,3,4,230,0,0,0.5849,0.3634,0.95,0.5257
sface,top3,0.3,one_person,129,60,69,60,25,44,0,0,44,0,0,0.6589,0.5769,1.0,0.7317
sface,top3,0.3,few_people,442,80,362,73,176,189,3,4,186,0,0,0.5633,0.2786,0.9125,0.4269
sface,top3,0.35,pooled,571,140,431,128,354,78,1,11,77,0,0,0.8441,0.6214,0.9143,0.7399
sface,top3,0.35,one_person,129,60,69,59,54,15,0,1,15,0,0,0.876,0.7973,0.9833,0.8806
sface,top3,0.35,few_people,442,80,362,69,300,63,1,10,62,0,0,0.8348,0.5227,0.8625,0.6509
sface,top3,0.4,pooled,571,140,431,121,419,12,0,19,12,0,0,0.9457,0.9098,0.8643,0.8864
sface,top3,0.4,one_person,129,60,69,57,65,4,0,3,4,0,0,0.9457,0.9344,0.95,0.9421
sface,top3,0.4,few_people,442,80,362,64,354,8,0,16,8,0,0,0.9457,0.8889,0.8,0.8421
sface,top3,0.45,pooled,571,140,431,111,430,1,0,29,1,0,0,0.9475,0.9911,0.7929,0.881
sface,top3,0.45,one_person,129,60,69,51,69,0,0,9,0,0,0,0.9302,1.0,0.85,0.9189
sface,top3,0.45,few_people,442,80,362,60,361,1,0,20,1,0,0,0.9525,0.9836,0.75,0.8511
sface,top3,0.5,pooled,571,140,431,96,431,0,0,44,0,0,0,0.9229,1.0,0.6857,0.8136
sface,top3,0.5,one_person,129,60,69,47,69,0,0,13,0,0,0,0.8992,1.0,0.7833,0.8785
sface,top3,0.5,few_people,442,80,362,49,362,0,0,31,0,0,0,0.9299,1.0,0.6125,0.7597
sface,top3,0.55,pooled,571,140,431,84,431,0,0,56,0,0,0,0.9019,1.0,0.6,0.75
sface,top3,0.55,one_person,129,60,69,43,69,0,0,17,0,0,0,0.8682,1.0,0.7167,0.835
sface,top3,0.55,few_people,442,80,362,41,362,0,0,39,0,0,0,0.9118,1.0,0.5125,0.6777
sface,top3,0.6,pooled,571,140,431,66,431,0,0,74,0,0,0,0.8704,1.0,0.4714,0.6408
sface,top3,0.6,one_person,129,60,69,34,69,0,0,26,0,0,0,0.7984,1.0,0.5667,0.7234
sface,top3,0.6,few_people,442,80,362,32,362,0,0,48,0,0,0,0.8914,1.0,0.4,0.5714
sface,top3,0.65,pooled,571,140,431,48,431,0,0,92,0,0,0,0.8389,1.0,0.3429,0.5106
sface,top3,0.65,one_person,129,60,69,26,69,0,0,34,0,0,0,0.7364,1.0,0.4333,0.6047
sface,top3,0.65,few_people,442,80,362,22,362,0,0,58,0,0,0,0.8688,1.0,0.275,0.4314
sface,top3,0.7,pooled,571,140,431,21,431,0,0,119,0,0,0,0.7916,1.0,0.15,0.2609
sface,top3,0.7,one_person,129,60,69,12,69,0,0,48,0,0,0,0.6279,1.0,0.2,0.3333
sface,top3,0.7,few_people,442,80,362,9,362,0,0,71,0,0,0,0.8394,1.0,0.1125,0.2022
sface,top3,0.75,pooled,571,140,431,4,431,0,0,136,0,0,0,0.7618,1.0,0.0286,0.0556
sface,top3,0.75,one_person,129,60,69,1,69,0,0,59,0,0,0,0.5426,1.0,0.0167,0.0328
sface,top3,0.75,few_people,442,80,362,3,362,0,0,77,0,0,0,0.8258,1.0,0.0375,0.0723
sface,top3,0.8,pooled,571,140,431,0,431,0,0,140,0,0,0,0.7548,0.0,0.0,0.0
sface,top3,0.8,one_person,129,60,69,0,69,0,0,60,0,0,0,0.5349,0.0,0.0,0.0
sface,top3,0.8,few_people,442,80,362,0,362,0,0,80,0,0,0,0.819,0.0,0.0,0.0
sface,top3,0.85,pooled,571,140,431,0,431,0,0,140,0,0,0,0.7548,0.0,0.0,0.0
sface,top3,0.85,one_person,129,60,69,0,69,0,0,60,0,0,0,0.5349,0.0,0.0,0.0
sface,top3,0.85,few_people,442,80,362,0,362,0,0,80,0,0,0,0.819,0.0,0.0,0.0
sface,centroid,0.15,pooled,571,140,431,135,2,434,5,0,429,0,0,0.2399,0.2373,0.9643,0.3808
sface,centroid,0.15,one_person,129,60,69,60,0,69,0,0,69,0,0,0.4651,0.4651,1.0,0.6349
sface,centroid,0.15,few_people,442,80,362,75,2,365,5,0,360,0,0,0.1742,0.1705,0.9375,0.2885
sface,centroid,0.2,pooled,571,140,431,135,12,424,5,0,419,0,0,0.2574,0.2415,0.9643,0.3863
sface,centroid,0.2,one_person,129,60,69,60,1,68,0,0,68,0,0,0.4729,0.4688,1.0,0.6383
sface,centroid,0.2,few_people,442,80,362,75,11,356,5,0,351,0,0,0.1946,0.174,0.9375,0.2935
sface,centroid,0.25,pooled,571,140,431,135,60,376,5,0,371,0,0,0.3415,0.2642,0.9643,0.4147
sface,centroid,0.25,one_person,129,60,69,60,2,67,0,0,67,0,0,0.4806,0.4724,1.0,0.6417
sface,centroid,0.25,few_people,442,80,362,75,58,309,5,0,304,0,0,0.3009,0.1953,0.9375,0.3233
sface,centroid,0.3,pooled,571,140,431,134,149,286,4,2,282,0,0,0.4956,0.319,0.9571,0.4786
sface,centroid,0.3,one_person,129,60,69,60,17,52,0,0,52,0,0,0.5969,0.5357,1.0,0.6977
sface,centroid,0.3,few_people,442,80,362,74,132,234,4,2,230,0,0,0.4661,0.2403,0.925,0.3814
sface,centroid,0.35,pooled,571,140,431,131,276,157,2,7,155,0,0,0.7128,0.4549,0.9357,0.6121
sface,centroid,0.35,one_person,129,60,69,59,39,30,0,1,30,0,0,0.7597,0.6629,0.9833,0.7919
sface,centroid,0.35,few_people,442,80,362,72,237,127,2,6,125,0,0,0.6991,0.3618,0.9,0.5161
sface,centroid,0.4,pooled,571,140,431,124,389,42,0,16,42,0,0,0.8984,0.747,0.8857,0.8105
sface,centroid,0.4,one_person,129,60,69,58,59,10,0,2,10,0,0,0.907,0.8529,0.9667,0.9062
sface,centroid,0.4,few_people,442,80,362,66,330,32,0,14,32,0,0,0.8959,0.6735,0.825,0.7416
sface,centroid,0.45,pooled,571,140,431,121,422,9,0,19,9,0,0,0.951,0.9308,0.8643,0.8963
sface,centroid,0.45,one_person,129,60,69,58,67,2,0,2,2,0,0,0.969,0.9667,0.9667,0.9667
sface,centroid,0.45,few_people,442,80,362,63,355,7,0,17,7,0,0,0.9457,0.9,0.7875,0.84
sface,centroid,0.5,pooled,571,140,431,114,431,0,0,26,0,0,0,0.9545,1.0,0.8143,0.8976
sface,centroid,0.5,one_person,129,60,69,53,69,0,0,7,0,0,0,0.9457,1.0,0.8833,0.9381
sface,centroid,0.5,few_people,442,80,362,61,362,0,0,19,0,0,0,0.957,1.0,0.7625,0.8652
sface,centroid,0.55,pooled,571,140,431,100,431,0,0,40,0,0,0,0.9299,1.0,0.7143,0.8333
sface,centroid,0.55,one_person,129,60,69,47,69,0,0,13,0,0,0,0.8992,1.0,0.7833,0.8785
sface,centroid,0.55,few_people,442,80,362,53,362,0,0,27,0,0,0,0.9389,1.0,0.6625,0.797
sface,centroid,0.6,pooled,571,140,431,86,431,0,0,54,0,0,0,0.9054,1.0,0.6143,0.7611
sface,centroid,0.6,one_person,129,60,69,45,69,0,0,15,0,0,0,0.8837,1.0,0.75,0.8571
sface,centroid,0.6,few_people,442,80,362,41,362,0,0,39,0,0,0,0.9118,1.0,0.5125,0.6777
sface,centroid,0.65,pooled,571,140,431,71,431,0,0,69,0,0,0,0.8792,1.0,0.5071,0.673
sface,centroid,0.65,one_person,129,60,69,36,69,0,0,24,0,0,0,0.814,1.0,0.6,0.75
sface,centroid,0.65,few_people,442,80,362,35,362,0,0,45,0,0,0,0.8982,1.0,0.4375,0.6087
sface,centroid,0.7,pooled,571,140,431,53,431,0,0,87,0,0,0,0.8476,1.0,0.3786,0.5492
sface,centroid,0.7,one_person,129,60,69,28,69,0,0,32,0,0,0,0.7519,1.0,0.4667,0.6364
sface,centroid,0.7,few_people,442,80,362,25,362,0,0,55,0,0,0,0.8756,1.0,0.3125,0.4762
sface,centroid,0.75,pooled,571,140,431,34,431,0,0,106,0,0,0,0.8144,1.0,0.2429,0.3908
sface,centroid,0.75,one_person,129,60,69,16,69,0,0,44,0,0,0,0.6589,1.0,0.2667,0.4211
sface,centroid,0.75,few_people,442,80,362,18,362,0,0,62,0,0,0,0.8597,1.0,0.225,0.3673
sface,centroid,0.8,pooled,571,140,431,6,431,0,0,134,0,0,0,0.7653,1.0,0.0429,0.0822
sface,centroid,0.8,one_person,129,60,69,3,69,0,0,57,0,0,0,0.5581,1.0,0.05,0.0952
sface,centroid,0.8,few_people,442,80,362,3,362,0,0,77,0,0,0,0.8258,1.0,0.0375,0.0723
sface,centroid,0.85,pooled,571,140,431,1,431,0,0,139,0,0,0,0.7566,1.0,0.0071,0.0142
sface,centroid,0.85,one_person,129,60,69,0,69,0,0,60,0,0,0,0.5349,0.0,0.0,0.0
sface,centroid,0.85,few_people,442,80,362,1,362,0,0,79,0,0,0,0.8213,1.0,0.0125,0.0247
